ecosystem,name,version,license,repository
"npm","@antfu/install-pkg","1.1.0","MIT","https://github.com/antfu/install-pkg"
"npm","@babel/runtime","7.29.7","MIT","https://github.com/babel/babel"
"npm","@braintree/sanitize-url","6.0.2","MIT","https://github.com/braintree/sanitize-url"
"npm","@braintree/sanitize-url","6.0.4","MIT","https://github.com/braintree/sanitize-url"
"npm","@braintree/sanitize-url","7.1.2","MIT","https://github.com/braintree/sanitize-url"
"npm","@chevrotain/cst-dts-gen","11.0.3","Apache-2.0","https://github.com/Chevrotain/chevrotain"
"npm","@chevrotain/gast","11.0.3","Apache-2.0","https://github.com/Chevrotain/chevrotain"
"npm","@chevrotain/regexp-to-ast","11.0.3","Apache-2.0","https://github.com/Chevrotain/chevrotain"
"npm","@chevrotain/types","11.0.3","Apache-2.0","https://github.com/Chevrotain/chevrotain"
"npm","@chevrotain/types","11.1.2","Apache-2.0","https://github.com/Chevrotain/chevrotain"
"npm","@chevrotain/utils","11.0.3","Apache-2.0","https://github.com/Chevrotain/chevrotain"
"npm","@csstools/postcss-is-pseudo-class","5.0.3","MIT-0","https://github.com/csstools/postcss-plugins"
"npm","@csstools/selector-resolve-nested","3.1.0","MIT-0","https://github.com/csstools/postcss-plugins"
"npm","@csstools/selector-specificity","5.0.0","MIT-0","https://github.com/csstools/postcss-plugins"
"npm","@excalidraw/excalidraw","0.18.1","MIT","https://github.com/excalidraw/excalidraw"
"npm","@excalidraw/laser-pointer","1.3.1","MIT",""
"npm","@excalidraw/markdown-to-text","0.1.2","MIT","https://github.com/danestves/markdown-to-text"
"npm","@excalidraw/mermaid-to-excalidraw","2.2.2","MIT",""
"npm","@excalidraw/random-username","1.1.0","MIT","https://github.com/excalidraw/random-username"
"npm","@floating-ui/core","1.7.5","MIT","https://github.com/floating-ui/floating-ui"
"npm","@floating-ui/dom","1.7.6","MIT","https://github.com/floating-ui/floating-ui"
"npm","@floating-ui/react-dom","2.1.8","MIT","https://github.com/floating-ui/floating-ui"
"npm","@floating-ui/utils","0.2.11","MIT","https://github.com/floating-ui/floating-ui"
"npm","@iconify/types","2.0.0","MIT","https://github.com/iconify/iconify"
"npm","@iconify/utils","3.1.3","MIT","https://github.com/iconify/iconify"
"npm","@marp-team/marp-core","4.3.0","MIT","https://github.com/marp-team/marp-core"
"npm","@marp-team/marpit-svg-polyfill","2.1.0","MIT","https://github.com/marp-team/marpit-svg-polyfill"
"npm","@marp-team/marpit","3.2.1","MIT","https://github.com/marp-team/marpit"
"npm","@mermaid-js/parser","0.6.3","MIT","https://github.com/mermaid-js/mermaid"
"npm","@mermaid-js/parser","1.1.1","MIT","https://github.com/mermaid-js/mermaid"
"npm","@radix-ui/primitive","1.0.0","MIT","https://github.com/radix-ui/primitives"
"npm","@radix-ui/primitive","1.1.1","MIT","https://github.com/radix-ui/primitives"
"npm","@radix-ui/react-arrow","1.1.2","MIT","https://github.com/radix-ui/primitives"
"npm","@radix-ui/react-collection","1.0.1","MIT","https://github.com/radix-ui/primitives"
"npm","@radix-ui/react-compose-refs","1.0.0","MIT","https://github.com/radix-ui/primitives"
"npm","@radix-ui/react-compose-refs","1.1.1","MIT","https://github.com/radix-ui/primitives"
"npm","@radix-ui/react-context","1.0.0","MIT","https://github.com/radix-ui/primitives"
"npm","@radix-ui/react-context","1.1.1","MIT","https://github.com/radix-ui/primitives"
"npm","@radix-ui/react-direction","1.0.0","MIT","https://github.com/radix-ui/primitives"
"npm","@radix-ui/react-dismissable-layer","1.1.5","MIT","https://github.com/radix-ui/primitives"
"npm","@radix-ui/react-focus-guards","1.1.1","MIT","https://github.com/radix-ui/primitives"
"npm","@radix-ui/react-focus-scope","1.1.2","MIT","https://github.com/radix-ui/primitives"
"npm","@radix-ui/react-id","1.0.0","MIT","https://github.com/radix-ui/primitives"
"npm","@radix-ui/react-id","1.1.0","MIT","https://github.com/radix-ui/primitives"
"npm","@radix-ui/react-popover","1.1.6","MIT","https://github.com/radix-ui/primitives"
"npm","@radix-ui/react-popper","1.2.2","MIT","https://github.com/radix-ui/primitives"
"npm","@radix-ui/react-portal","1.1.4","MIT","https://github.com/radix-ui/primitives"
"npm","@radix-ui/react-presence","1.0.0","MIT","https://github.com/radix-ui/primitives"
"npm","@radix-ui/react-presence","1.1.2","MIT","https://github.com/radix-ui/primitives"
"npm","@radix-ui/react-primitive","1.0.1","MIT","https://github.com/radix-ui/primitives"
"npm","@radix-ui/react-primitive","2.0.2","MIT","https://github.com/radix-ui/primitives"
"npm","@radix-ui/react-roving-focus","1.0.2","MIT","https://github.com/radix-ui/primitives"
"npm","@radix-ui/react-slot","1.0.1","MIT","https://github.com/radix-ui/primitives"
"npm","@radix-ui/react-slot","1.1.2","MIT","https://github.com/radix-ui/primitives"
"npm","@radix-ui/react-tabs","1.0.2","MIT","https://github.com/radix-ui/primitives"
"npm","@radix-ui/react-use-callback-ref","1.0.0","MIT","https://github.com/radix-ui/primitives"
"npm","@radix-ui/react-use-callback-ref","1.1.0","MIT","https://github.com/radix-ui/primitives"
"npm","@radix-ui/react-use-controllable-state","1.0.0","MIT","https://github.com/radix-ui/primitives"
"npm","@radix-ui/react-use-controllable-state","1.1.0","MIT","https://github.com/radix-ui/primitives"
"npm","@radix-ui/react-use-escape-keydown","1.1.0","MIT","https://github.com/radix-ui/primitives"
"npm","@radix-ui/react-use-layout-effect","1.0.0","MIT","https://github.com/radix-ui/primitives"
"npm","@radix-ui/react-use-layout-effect","1.1.0","MIT","https://github.com/radix-ui/primitives"
"npm","@radix-ui/react-use-rect","1.1.0","MIT","https://github.com/radix-ui/primitives"
"npm","@radix-ui/react-use-size","1.1.0","MIT","https://github.com/radix-ui/primitives"
"npm","@radix-ui/rect","1.1.0","MIT","https://github.com/radix-ui/primitives"
"npm","@shikijs/core","1.29.2","MIT","https://github.com/shikijs/shiki"
"npm","@shikijs/engine-javascript","1.29.2","MIT","https://github.com/shikijs/shiki"
"npm","@shikijs/engine-oniguruma","1.29.2","MIT","https://github.com/shikijs/shiki"
"npm","@shikijs/langs","1.29.2","MIT","https://github.com/shikijs/shiki"
"npm","@shikijs/themes","1.29.2","MIT","https://github.com/shikijs/shiki"
"npm","@shikijs/types","1.29.2","MIT","https://github.com/shikijs/shiki"
"npm","@shikijs/vscode-textmate","10.0.2","MIT","https://github.com/shikijs/vscode-textmate"
"npm","@tauri-apps/api","2.11.0","Apache-2.0 OR MIT","https://github.com/tauri-apps/tauri"
"npm","@tiptap/core","3.24.0","MIT","https://github.com/ueberdosis/tiptap"
"npm","@tiptap/extension-blockquote","3.24.0","MIT","https://github.com/ueberdosis/tiptap"
"npm","@tiptap/extension-bold","3.24.0","MIT","https://github.com/ueberdosis/tiptap"
"npm","@tiptap/extension-bullet-list","3.24.0","MIT","https://github.com/ueberdosis/tiptap"
"npm","@tiptap/extension-code-block","3.24.0","MIT","https://github.com/ueberdosis/tiptap"
"npm","@tiptap/extension-code","3.24.0","MIT","https://github.com/ueberdosis/tiptap"
"npm","@tiptap/extension-document","3.24.0","MIT","https://github.com/ueberdosis/tiptap"
"npm","@tiptap/extension-dropcursor","3.24.0","MIT","https://github.com/ueberdosis/tiptap"
"npm","@tiptap/extension-gapcursor","3.24.0","MIT","https://github.com/ueberdosis/tiptap"
"npm","@tiptap/extension-hard-break","3.24.0","MIT","https://github.com/ueberdosis/tiptap"
"npm","@tiptap/extension-heading","3.24.0","MIT","https://github.com/ueberdosis/tiptap"
"npm","@tiptap/extension-horizontal-rule","3.24.0","MIT","https://github.com/ueberdosis/tiptap"
"npm","@tiptap/extension-italic","3.24.0","MIT","https://github.com/ueberdosis/tiptap"
"npm","@tiptap/extension-link","3.24.0","MIT","https://github.com/ueberdosis/tiptap"
"npm","@tiptap/extension-list-item","3.24.0","MIT","https://github.com/ueberdosis/tiptap"
"npm","@tiptap/extension-list-keymap","3.24.0","MIT","https://github.com/ueberdosis/tiptap"
"npm","@tiptap/extension-list","3.24.0","MIT","https://github.com/ueberdosis/tiptap"
"npm","@tiptap/extension-ordered-list","3.24.0","MIT","https://github.com/ueberdosis/tiptap"
"npm","@tiptap/extension-paragraph","3.24.0","MIT","https://github.com/ueberdosis/tiptap"
"npm","@tiptap/extension-placeholder","3.24.0","MIT","https://github.com/ueberdosis/tiptap"
"npm","@tiptap/extension-strike","3.24.0","MIT","https://github.com/ueberdosis/tiptap"
"npm","@tiptap/extension-text","3.24.0","MIT","https://github.com/ueberdosis/tiptap"
"npm","@tiptap/extension-underline","3.24.0","MIT","https://github.com/ueberdosis/tiptap"
"npm","@tiptap/extensions","3.24.0","MIT","https://github.com/ueberdosis/tiptap"
"npm","@tiptap/pm","3.24.0","MIT","https://github.com/ueberdosis/tiptap"
"npm","@tiptap/starter-kit","3.24.0","MIT","https://github.com/ueberdosis/tiptap"
"npm","@types/d3-array","3.2.2","MIT","https://github.com/DefinitelyTyped/DefinitelyTyped"
"npm","@types/d3-axis","3.0.6","MIT","https://github.com/DefinitelyTyped/DefinitelyTyped"
"npm","@types/d3-brush","3.0.6","MIT","https://github.com/DefinitelyTyped/DefinitelyTyped"
"npm","@types/d3-chord","3.0.6","MIT","https://github.com/DefinitelyTyped/DefinitelyTyped"
"npm","@types/d3-color","3.1.3","MIT","https://github.com/DefinitelyTyped/DefinitelyTyped"
"npm","@types/d3-contour","3.0.6","MIT","https://github.com/DefinitelyTyped/DefinitelyTyped"
"npm","@types/d3-delaunay","6.0.4","MIT","https://github.com/DefinitelyTyped/DefinitelyTyped"
"npm","@types/d3-dispatch","3.0.7","MIT","https://github.com/DefinitelyTyped/DefinitelyTyped"
"npm","@types/d3-drag","3.0.7","MIT","https://github.com/DefinitelyTyped/DefinitelyTyped"
"npm","@types/d3-dsv","3.0.7","MIT","https://github.com/DefinitelyTyped/DefinitelyTyped"
"npm","@types/d3-ease","3.0.2","MIT","https://github.com/DefinitelyTyped/DefinitelyTyped"
"npm","@types/d3-fetch","3.0.7","MIT","https://github.com/DefinitelyTyped/DefinitelyTyped"
"npm","@types/d3-force","3.0.10","MIT","https://github.com/DefinitelyTyped/DefinitelyTyped"
"npm","@types/d3-format","3.0.4","MIT","https://github.com/DefinitelyTyped/DefinitelyTyped"
"npm","@types/d3-geo","3.1.0","MIT","https://github.com/DefinitelyTyped/DefinitelyTyped"
"npm","@types/d3-hierarchy","3.1.7","MIT","https://github.com/DefinitelyTyped/DefinitelyTyped"
"npm","@types/d3-interpolate","3.0.4","MIT","https://github.com/DefinitelyTyped/DefinitelyTyped"
"npm","@types/d3-path","3.1.1","MIT","https://github.com/DefinitelyTyped/DefinitelyTyped"
"npm","@types/d3-polygon","3.0.2","MIT","https://github.com/DefinitelyTyped/DefinitelyTyped"
"npm","@types/d3-quadtree","3.0.6","MIT","https://github.com/DefinitelyTyped/DefinitelyTyped"
"npm","@types/d3-random","3.0.3","MIT","https://github.com/DefinitelyTyped/DefinitelyTyped"
"npm","@types/d3-scale-chromatic","3.1.0","MIT","https://github.com/DefinitelyTyped/DefinitelyTyped"
"npm","@types/d3-scale","4.0.9","MIT","https://github.com/DefinitelyTyped/DefinitelyTyped"
"npm","@types/d3-selection","3.0.11","MIT","https://github.com/DefinitelyTyped/DefinitelyTyped"
"npm","@types/d3-shape","3.1.8","MIT","https://github.com/DefinitelyTyped/DefinitelyTyped"
"npm","@types/d3-time-format","4.0.3","MIT","https://github.com/DefinitelyTyped/DefinitelyTyped"
"npm","@types/d3-time","3.0.4","MIT","https://github.com/DefinitelyTyped/DefinitelyTyped"
"npm","@types/d3-timer","3.0.2","MIT","https://github.com/DefinitelyTyped/DefinitelyTyped"
"npm","@types/d3-transition","3.0.9","MIT","https://github.com/DefinitelyTyped/DefinitelyTyped"
"npm","@types/d3-zoom","3.0.8","MIT","https://github.com/DefinitelyTyped/DefinitelyTyped"
"npm","@types/d3","7.4.3","MIT","https://github.com/DefinitelyTyped/DefinitelyTyped"
"npm","@types/debug","4.1.13","MIT","https://github.com/DefinitelyTyped/DefinitelyTyped"
"npm","@types/geojson","7946.0.16","MIT","https://github.com/DefinitelyTyped/DefinitelyTyped"
"npm","@types/hast","3.0.4","MIT","https://github.com/DefinitelyTyped/DefinitelyTyped"
"npm","@types/linkify-it","3.0.5","MIT","https://github.com/DefinitelyTyped/DefinitelyTyped"
"npm","@types/linkify-it","5.0.0","MIT","https://github.com/DefinitelyTyped/DefinitelyTyped"
"npm","@types/markdown-it","13.0.9","MIT","https://github.com/DefinitelyTyped/DefinitelyTyped"
"npm","@types/markdown-it","14.1.2","MIT","https://github.com/DefinitelyTyped/DefinitelyTyped"
"npm","@types/mdast","3.0.15","MIT","https://github.com/DefinitelyTyped/DefinitelyTyped"
"npm","@types/mdast","4.0.4","MIT","https://github.com/DefinitelyTyped/DefinitelyTyped"
"npm","@types/mdurl","1.0.5","MIT","https://github.com/DefinitelyTyped/DefinitelyTyped"
"npm","@types/mdurl","2.0.0","MIT","https://github.com/DefinitelyTyped/DefinitelyTyped"
"npm","@types/ms","2.1.0","MIT","https://github.com/DefinitelyTyped/DefinitelyTyped"
"npm","@types/pako","2.0.4","MIT","https://github.com/DefinitelyTyped/DefinitelyTyped"
"npm","@types/raf","3.4.3","MIT","https://github.com/DefinitelyTyped/DefinitelyTyped"
"npm","@types/trusted-types","2.0.7","MIT","https://github.com/DefinitelyTyped/DefinitelyTyped"
"npm","@types/unist","2.0.11","MIT","https://github.com/DefinitelyTyped/DefinitelyTyped"
"npm","@types/unist","3.0.3","MIT","https://github.com/DefinitelyTyped/DefinitelyTyped"
"npm","@ungap/structured-clone","1.3.1","ISC","https://github.com/ungap/structured-clone"
"npm","@upsetjs/venn.js","2.0.0","MIT","https://github.com/upsetjs/venn.js"
"npm","@xmldom/xmldom","0.9.10","MIT","https://github.com/xmldom/xmldom"
"npm","anymatch","3.1.3","ISC","https://github.com/micromatch/anymatch"
"npm","argparse","2.0.1","Python-2.0","https://github.com/nodeca/argparse"
"npm","aria-hidden","1.2.6","MIT","https://github.com/theKashey/aria-hidden"
"npm","base64-arraybuffer","1.0.2","MIT","https://github.com/niklasvh/base64-arraybuffer"
"npm","binary-extensions","2.3.0","MIT","https://github.com/sindresorhus/binary-extensions"
"npm","braces","3.0.3","MIT","https://github.com/micromatch/braces"
"npm","browser-fs-access","0.29.1","Apache-2.0","https://github.com/GoogleChromeLabs/browser-fs-access"
"npm","canvas-roundrect-polyfill","0.0.1","MIT","https://github.com/Kaiido/roundRect"
"npm","canvg","3.0.11","MIT","https://github.com/canvg/canvg"
"npm","ccount","2.0.1","MIT","https://github.com/wooorm/ccount"
"npm","character-entities-html4","2.1.0","MIT","https://github.com/wooorm/character-entities-html4"
"npm","character-entities-legacy","3.0.0","MIT","https://github.com/wooorm/character-entities-legacy"
"npm","character-entities","2.0.2","MIT","https://github.com/wooorm/character-entities"
"npm","chevrotain-allstar","0.3.1","MIT","https://github.com/langium/chevrotain-allstar"
"npm","chevrotain","11.0.3","Apache-2.0","https://github.com/Chevrotain/chevrotain"
"npm","chokidar","3.6.0","MIT","https://github.com/paulmillr/chokidar"
"npm","clsx","1.1.1","MIT","https://github.com/lukeed/clsx"
"npm","comma-separated-tokens","2.0.3","MIT","https://github.com/wooorm/comma-separated-tokens"
"npm","commander","13.1.0","MIT","https://github.com/tj/commander.js"
"npm","commander","2.20.3","MIT","https://github.com/tj/commander.js"
"npm","commander","7.2.0","MIT","https://github.com/tj/commander.js"
"npm","commander","8.3.0","MIT","https://github.com/tj/commander.js"
"npm","commander","9.5.0","MIT","https://github.com/tj/commander.js"
"npm","core-js","3.49.0","MIT","https://github.com/zloirock/core-js"
"npm","cose-base","1.0.3","MIT","https://github.com/iVis-at-Bilkent/cose-base"
"npm","cose-base","2.2.0","MIT","https://github.com/iVis-at-Bilkent/cose-base"
"npm","crc-32","0.3.0","Apache-2.0","https://github.com/SheetJS/js-crc32"
"npm","cross-env","7.0.3","MIT","https://github.com/kentcdodds/cross-env"
"npm","cross-spawn","7.0.6","MIT","https://github.com/moxystudio/node-cross-spawn"
"npm","css-line-break","2.1.0","MIT","https://github.com/niklasvh/css-line-break"
"npm","cssesc","3.0.0","MIT","https://github.com/mathiasbynens/cssesc"
"npm","cssfilter","0.0.10","MIT","https://github.com/leizongmin/js-css-filter"
"npm","cytoscape-cose-bilkent","4.1.0","MIT","https://github.com/cytoscape/cytoscape.js-cose-bilkent"
"npm","cytoscape-fcose","2.2.0","MIT","https://github.com/iVis-at-Bilkent/cytoscape.js-fcose"
"npm","cytoscape","3.33.4","MIT","https://github.com/cytoscape/cytoscape.js"
"npm","d3-array","2.12.1","BSD-3-Clause","https://github.com/d3/d3-array"
"npm","d3-array","3.2.4","ISC","https://github.com/d3/d3-array"
"npm","d3-axis","3.0.0","ISC","https://github.com/d3/d3-axis"
"npm","d3-brush","3.0.0","ISC","https://github.com/d3/d3-brush"
"npm","d3-chord","3.0.1","ISC","https://github.com/d3/d3-chord"
"npm","d3-color","3.1.0","ISC","https://github.com/d3/d3-color"
"npm","d3-contour","4.0.2","ISC","https://github.com/d3/d3-contour"
"npm","d3-delaunay","6.0.4","ISC","https://github.com/d3/d3-delaunay"
"npm","d3-dispatch","3.0.1","ISC","https://github.com/d3/d3-dispatch"
"npm","d3-drag","3.0.0","ISC","https://github.com/d3/d3-drag"
"npm","d3-dsv","3.0.1","ISC","https://github.com/d3/d3-dsv"
"npm","d3-ease","3.0.1","BSD-3-Clause","https://github.com/d3/d3-ease"
"npm","d3-fetch","3.0.1","ISC","https://github.com/d3/d3-fetch"
"npm","d3-force","3.0.0","ISC","https://github.com/d3/d3-force"
"npm","d3-format","3.1.2","ISC","https://github.com/d3/d3-format"
"npm","d3-geo","3.1.1","ISC","https://github.com/d3/d3-geo"
"npm","d3-hierarchy","3.1.2","ISC","https://github.com/d3/d3-hierarchy"
"npm","d3-interpolate","3.0.1","ISC","https://github.com/d3/d3-interpolate"
"npm","d3-path","1.0.9","BSD-3-Clause","https://github.com/d3/d3-path"
"npm","d3-path","3.1.0","ISC","https://github.com/d3/d3-path"
"npm","d3-polygon","3.0.1","ISC","https://github.com/d3/d3-polygon"
"npm","d3-quadtree","3.0.1","ISC","https://github.com/d3/d3-quadtree"
"npm","d3-random","3.0.1","ISC","https://github.com/d3/d3-random"
"npm","d3-sankey","0.12.3","BSD-3-Clause","https://github.com/d3/d3-sankey"
"npm","d3-scale-chromatic","3.1.0","ISC","https://github.com/d3/d3-scale-chromatic"
"npm","d3-scale","4.0.2","ISC","https://github.com/d3/d3-scale"
"npm","d3-selection","3.0.0","ISC","https://github.com/d3/d3-selection"
"npm","d3-shape","1.3.7","BSD-3-Clause","https://github.com/d3/d3-shape"
"npm","d3-shape","3.2.0","ISC","https://github.com/d3/d3-shape"
"npm","d3-time-format","4.1.0","ISC","https://github.com/d3/d3-time-format"
"npm","d3-time","3.1.0","ISC","https://github.com/d3/d3-time"
"npm","d3-timer","3.0.1","ISC","https://github.com/d3/d3-timer"
"npm","d3-transition","3.0.1","ISC","https://github.com/d3/d3-transition"
"npm","d3-zoom","3.0.0","ISC","https://github.com/d3/d3-zoom"
"npm","d3","7.9.0","ISC","https://github.com/d3/d3"
"npm","dagre-d3-es","7.0.13","MIT","https://github.com/tbo47/dagre-es"
"npm","dagre-d3-es","7.0.14","MIT","https://github.com/tbo47/dagre-es"
"npm","dayjs","1.11.21","MIT","https://github.com/iamkun/dayjs"
"npm","debug","4.4.3","MIT","https://github.com/debug-js/debug"
"npm","decode-named-character-reference","1.3.0","MIT","https://github.com/wooorm/decode-named-character-reference"
"npm","delaunator","5.1.0","ISC","https://github.com/mapbox/delaunator"
"npm","dequal","2.0.3","MIT","https://github.com/lukeed/dequal"
"npm","detect-node-es","1.1.0","MIT","https://github.com/thekashey/detect-node"
"npm","devlop","1.1.0","MIT","https://github.com/wooorm/devlop"
"npm","diff","5.2.2","BSD-3-Clause","https://github.com/kpdecker/jsdiff"
"npm","dompurify","3.4.7","(MPL-2.0 OR Apache-2.0)","https://github.com/cure53/DOMPurify"
"npm","elkjs","0.9.3","EPL-2.0","https://github.com/kieler/elkjs"
"npm","emoji-regex-xs","1.0.0","MIT","https://github.com/slevithan/emoji-regex-xs"
"npm","entities","4.5.0","BSD-2-Clause","https://github.com/fb55/entities"
"npm","es-toolkit","1.47.0","MIT","https://github.com/toss/es-toolkit"
"npm","es6-promise-pool","2.5.0","MIT","https://github.com/timdp/es6-promise-pool"
"npm","esm","3.2.25","MIT","https://github.com/standard-things/esm"
"npm","fast-png","6.4.0","MIT","https://github.com/image-js/fast-png"
"npm","fflate","0.8.3","MIT","https://github.com/101arrowz/fflate"
"npm","fill-range","7.1.1","MIT","https://github.com/jonschlinkert/fill-range"
"npm","fractional-indexing","3.2.0","CC0-1.0","https://github.com/rocicorp/fractional-indexing"
"npm","fsevents","2.3.3","MIT","https://github.com/fsevents/fsevents"
"npm","fuzzy","0.1.3","MIT","https://github.com/mattyork/fuzzy"
"npm","get-nonce","1.0.1","MIT","https://github.com/theKashey/get-nonce"
"npm","glob-parent","5.1.2","ISC","https://github.com/gulpjs/glob-parent"
"npm","glur","1.1.2","MIT","https://github.com/nodeca/glur"
"npm","hachure-fill","0.5.2","MIT","https://github.com/pshihn/hachure-fill"
"npm","hast-util-to-html","9.0.5","MIT","https://github.com/syntax-tree/hast-util-to-html"
"npm","hast-util-whitespace","3.0.0","MIT","https://github.com/syntax-tree/hast-util-whitespace"
"npm","highlight.js","11.11.1","BSD-3-Clause","https://github.com/highlightjs/highlight.js"
"npm","html-void-elements","3.0.0","MIT","https://github.com/wooorm/html-void-elements"
"npm","html2canvas","1.4.1","MIT","https://github.com/niklasvh/html2canvas"
"npm","html2pdf.js","0.14.0","MIT","https://github.com/eKoopmans/html2pdf.js"
"npm","iconv-lite","0.6.3","MIT","https://github.com/ashtuchkin/iconv-lite"
"npm","image-blob-reduce","3.0.1","MIT","https://github.com/nodeca/image-blob-reduce"
"npm","immutable","4.3.8","MIT","https://github.com/immutable-js/immutable-js"
"npm","import-meta-resolve","4.2.0","MIT","https://github.com/wooorm/import-meta-resolve"
"npm","inherits","2.0.4","ISC","https://github.com/isaacs/inherits"
"npm","internmap","1.0.1","ISC","https://github.com/mbostock/internmap"
"npm","internmap","2.0.3","ISC","https://github.com/mbostock/internmap"
"npm","iobuffer","5.4.0","MIT","https://github.com/image-js/iobuffer"
"npm","is-binary-path","2.1.0","MIT","https://github.com/sindresorhus/is-binary-path"
"npm","is-extglob","2.1.1","MIT","https://github.com/jonschlinkert/is-extglob"
"npm","is-glob","4.0.3","MIT","https://github.com/micromatch/is-glob"
"npm","is-number","7.0.0","MIT","https://github.com/jonschlinkert/is-number"
"npm","isexe","2.0.0","ISC","https://github.com/isaacs/isexe"
"npm","jotai-scope","0.7.2","MIT","https://github.com/jotaijs/jotai-scope"
"npm","jotai","2.11.0","MIT","https://github.com/pmndrs/jotai"
"npm","js-tokens","4.0.0","MIT","https://github.com/lydell/js-tokens"
"npm","js-yaml","4.2.0","MIT","https://github.com/nodeca/js-yaml"
"npm","jspdf","4.2.1","MIT","https://github.com/parallax/jsPDF"
"npm","katex","0.16.47","MIT","https://github.com/KaTeX/KaTeX"
"npm","khroma","2.1.0","MIT*","https://github.com/fabiospampinato/khroma"
"npm","kleur","4.1.5","MIT","https://github.com/lukeed/kleur"
"npm","langium","3.3.1","MIT","https://github.com/eclipse-langium/langium"
"npm","layout-base","1.0.2","MIT","https://github.com/iVis-at-Bilkent/layout-base"
"npm","layout-base","2.0.1","MIT","https://github.com/iVis-at-Bilkent/layout-base"
"npm","linkify-it","5.0.1","MIT","https://github.com/markdown-it/linkify-it"
"npm","linkifyjs","4.3.3","MIT","https://github.com/nfrasser/linkifyjs"
"npm","lodash-es","4.17.21","MIT","https://github.com/lodash/lodash"
"npm","lodash-es","4.18.1","MIT","https://github.com/lodash/lodash"
"npm","lodash.debounce","4.0.8","MIT","https://github.com/lodash/lodash"
"npm","lodash.kebabcase","4.1.1","MIT","https://github.com/lodash/lodash"
"npm","lodash.throttle","4.1.1","MIT","https://github.com/lodash/lodash"
"npm","loose-envify","1.4.0","MIT","https://github.com/zertosh/loose-envify"
"npm","markdown-it-front-matter","0.2.4","MIT","https://github.com/ParkSB/markdown-it-front-matter"
"npm","markdown-it-task-lists","2.1.1","ISC","https://github.com/revin/markdown-it-task-lists"
"npm","markdown-it","14.2.0","MIT","https://github.com/markdown-it/markdown-it"
"npm","marked","16.4.2","MIT","https://github.com/markedjs/marked"
"npm","mathjax-full","3.2.2","Apache-2.0","https://github.com/mathjax/Mathjax-src"
"npm","md-reader","1.0.0","UNLICENSED",""
"npm","mdast-util-from-markdown","1.3.1","MIT","https://github.com/syntax-tree/mdast-util-from-markdown"
"npm","mdast-util-to-hast","13.2.1","MIT","https://github.com/syntax-tree/mdast-util-to-hast"
"npm","mdast-util-to-string","3.2.0","MIT","https://github.com/syntax-tree/mdast-util-to-string"
"npm","mdurl","2.0.0","MIT","https://github.com/markdown-it/mdurl"
"npm","mermaid","10.9.6","MIT","https://github.com/mermaid-js/mermaid"
"npm","mermaid","11.15.0","MIT","https://github.com/mermaid-js/mermaid"
"npm","mhchemparser","4.2.1","Apache-2.0","https://github.com/mhchem/mhchemParser"
"npm","micromark-core-commonmark","1.1.0","MIT","https://github.com/micromark/micromark/tree/main/packages/micromark-core-commonmark"
"npm","micromark-factory-destination","1.1.0","MIT","https://github.com/micromark/micromark/tree/main/packages/micromark-factory-destination"
"npm","micromark-factory-label","1.1.0","MIT","https://github.com/micromark/micromark/tree/main/packages/micromark-factory-label"
"npm","micromark-factory-space","1.1.0","MIT","https://github.com/micromark/micromark/tree/main/packages/micromark-factory-space"
"npm","micromark-factory-title","1.1.0","MIT","https://github.com/micromark/micromark/tree/main/packages/micromark-factory-title"
"npm","micromark-factory-whitespace","1.1.0","MIT","https://github.com/micromark/micromark/tree/main/packages/micromark-factory-whitespace"
"npm","micromark-util-character","1.2.0","MIT","https://github.com/micromark/micromark/tree/main/packages/micromark-util-character"
"npm","micromark-util-character","2.1.1","MIT","https://github.com/micromark/micromark/tree/main/packages/micromark-util-character"
"npm","micromark-util-chunked","1.1.0","MIT","https://github.com/micromark/micromark/tree/main/packages/micromark-util-chunked"
"npm","micromark-util-classify-character","1.1.0","MIT","https://github.com/micromark/micromark/tree/main/packages/micromark-util-classify-character"
"npm","micromark-util-combine-extensions","1.1.0","MIT","https://github.com/micromark/micromark/tree/main/packages/micromark-util-combine-extensions"
"npm","micromark-util-decode-numeric-character-reference","1.1.0","MIT","https://github.com/micromark/micromark/tree/main/packages/micromark-util-decode-numeric-character-reference"
"npm","micromark-util-decode-string","1.1.0","MIT","https://github.com/micromark/micromark/tree/main/packages/micromark-util-decode-string"
"npm","micromark-util-encode","1.1.0","MIT","https://github.com/micromark/micromark/tree/main/packages/micromark-util-encode"
"npm","micromark-util-encode","2.0.1","MIT","https://github.com/micromark/micromark/tree/main/packages/micromark-util-encode"
"npm","micromark-util-html-tag-name","1.2.0","MIT","https://github.com/micromark/micromark/tree/main/packages/micromark-util-html-tag-name"
"npm","micromark-util-normalize-identifier","1.1.0","MIT","https://github.com/micromark/micromark/tree/main/packages/micromark-util-normalize-identifier"
"npm","micromark-util-resolve-all","1.1.0","MIT","https://github.com/micromark/micromark/tree/main/packages/micromark-util-resolve-all"
"npm","micromark-util-sanitize-uri","1.2.0","MIT","https://github.com/micromark/micromark/tree/main/packages/micromark-util-sanitize-uri"
"npm","micromark-util-sanitize-uri","2.0.1","MIT","https://github.com/micromark/micromark/tree/main/packages/micromark-util-sanitize-uri"
"npm","micromark-util-subtokenize","1.1.0","MIT","https://github.com/micromark/micromark/tree/main/packages/micromark-util-subtokenize"
"npm","micromark-util-symbol","1.1.0","MIT","https://github.com/micromark/micromark/tree/main/packages/micromark-util-symbol"
"npm","micromark-util-symbol","2.0.1","MIT","https://github.com/micromark/micromark/tree/main/packages/micromark-util-symbol"
"npm","micromark-util-types","1.1.0","MIT","https://github.com/micromark/micromark/tree/main/packages/micromark-util-types"
"npm","micromark-util-types","2.0.2","MIT","https://github.com/micromark/micromark/tree/main/packages/micromark-util-types"
"npm","micromark","3.2.0","MIT","https://github.com/micromark/micromark/tree/main/packages/micromark"
"npm","mj-context-menu","0.6.1","Apache-2.0","https://github.com/zorkow/context-menu"
"npm","mri","1.2.0","MIT","https://github.com/lukeed/mri"
"npm","ms","2.1.3","MIT","https://github.com/vercel/ms"
"npm","multimath","2.0.0","MIT","https://github.com/nodeca/multimath"
"npm","nanoid","3.3.12","MIT","https://github.com/ai/nanoid"
"npm","nanoid","3.3.3","MIT","https://github.com/ai/nanoid"
"npm","nanoid","4.0.2","MIT","https://github.com/ai/nanoid"
"npm","non-layered-tidy-tree-layout","2.0.2","MIT","https://github.com/stetrevor/non-layered-tidy-tree-layout"
"npm","normalize-path","3.0.0","MIT","https://github.com/jonschlinkert/normalize-path"
"npm","object-assign","4.1.1","MIT","https://github.com/sindresorhus/object-assign"
"npm","oniguruma-to-es","2.3.0","MIT","https://github.com/slevithan/oniguruma-to-es"
"npm","open-color","1.9.1","MIT","https://github.com/yeun/open-color"
"npm","orderedmap","2.1.1","MIT","https://github.com/marijnh/orderedmap"
"npm","package-manager-detector","1.6.0","MIT","https://github.com/antfu-collective/package-manager-detector"
"npm","pako","2.0.3","(MIT AND Zlib)","https://github.com/nodeca/pako"
"npm","pako","2.1.0","(MIT AND Zlib)","https://github.com/nodeca/pako"
"npm","papaparse","5.5.3","MIT","https://github.com/mholt/PapaParse"
"npm","path-data-parser","0.1.0","MIT","https://github.com/pshihn/path-data-parser"
"npm","path-key","3.1.1","MIT","https://github.com/sindresorhus/path-key"
"npm","perfect-freehand","1.2.0","MIT","https://github.com/steveruizok/perfect-freehand"
"npm","performance-now","2.1.0","MIT","https://github.com/braveg1rl/performance-now"
"npm","pica","7.1.1","MIT","https://github.com/nodeca/pica"
"npm","picocolors","1.1.1","ISC","https://github.com/alexeyraspopov/picocolors"
"npm","picomatch","2.3.2","MIT","https://github.com/micromatch/picomatch"
"npm","png-chunk-text","1.0.0","MIT","https://github.com/hughsk/png-chunk-text"
"npm","png-chunks-encode","1.0.0","MIT","https://github.com/hughsk/png-chunks-encode"
"npm","png-chunks-extract","1.0.0","MIT","https://github.com/hughsk/png-chunks-extract"
"npm","points-on-curve","0.2.0","MIT","https://github.com/pshihn/bezier-points"
"npm","points-on-curve","1.0.1","MIT","https://github.com/pshihn/bezier-points"
"npm","points-on-path","0.2.1","MIT","https://github.com/pshihn/points-on-path"
"npm","postcss-nesting","13.0.2","MIT-0","https://github.com/csstools/postcss-plugins"
"npm","postcss-selector-parser","7.1.1","MIT","https://github.com/postcss/postcss-selector-parser"
"npm","postcss","8.5.15","MIT","https://github.com/postcss/postcss"
"npm","property-information","7.2.0","MIT","https://github.com/wooorm/property-information"
"npm","prosemirror-changeset","2.4.1","MIT","git+https://code.haverbeke.berlin/prosemirror/prosemirror-changeset"
"npm","prosemirror-commands","1.7.1","MIT","https://github.com/prosemirror/prosemirror-commands"
"npm","prosemirror-dropcursor","1.8.2","MIT","https://github.com/prosemirror/prosemirror-dropcursor"
"npm","prosemirror-gapcursor","1.4.1","MIT","https://github.com/prosemirror/prosemirror-gapcursor"
"npm","prosemirror-history","1.5.0","MIT","https://github.com/prosemirror/prosemirror-history"
"npm","prosemirror-inputrules","1.5.1","MIT","https://github.com/prosemirror/prosemirror-inputrules"
"npm","prosemirror-keymap","1.2.3","MIT","https://github.com/prosemirror/prosemirror-keymap"
"npm","prosemirror-markdown","1.13.4","MIT","https://github.com/prosemirror/prosemirror-markdown"
"npm","prosemirror-model","1.25.7","MIT","git+https://code.haverbeke.berlin/prosemirror/prosemirror-model"
"npm","prosemirror-schema-list","1.5.1","MIT","https://github.com/prosemirror/prosemirror-schema-list"
"npm","prosemirror-state","1.4.4","MIT","https://github.com/prosemirror/prosemirror-state"
"npm","prosemirror-tables","1.8.5","MIT","https://github.com/ProseMirror/prosemirror-tables"
"npm","prosemirror-transform","1.12.0","MIT","https://github.com/prosemirror/prosemirror-transform"
"npm","prosemirror-view","1.41.8","MIT","git+https://code.haverbeke.berlin/prosemirror/prosemirror-view"
"npm","punycode.js","2.3.1","MIT","https://github.com/mathiasbynens/punycode.js"
"npm","pwacompat","2.0.17","Apache-2.0","https://github.com/GoogleChrome/pwacompat"
"npm","raf","3.4.1","MIT","https://github.com/chrisdickinson/raf"
"npm","react-dom","18.3.1","MIT","https://github.com/facebook/react"
"npm","react-remove-scroll-bar","2.3.8","MIT","https://github.com/theKashey/react-remove-scroll-bar"
"npm","react-remove-scroll","2.7.2","MIT","https://github.com/theKashey/react-remove-scroll"
"npm","react-style-singleton","2.2.3","MIT","https://github.com/theKashey/react-style-singleton"
"npm","react","18.3.1","MIT","https://github.com/facebook/react"
"npm","readdirp","3.6.0","MIT","https://github.com/paulmillr/readdirp"
"npm","regenerator-runtime","0.13.11","MIT","https://github.com/facebook/regenerator/tree/main/packages/runtime"
"npm","regex-recursion","5.1.1","MIT","https://github.com/slevithan/regex-recursion"
"npm","regex-utilities","2.3.0","MIT","https://github.com/slevithan/regex-utilities"
"npm","regex","5.1.1","MIT","https://github.com/slevithan/regex"
"npm","rgbcolor","1.0.1","MIT*","https://github.com/yetzt/node-rgbcolor"
"npm","robust-predicates","3.0.3","Unlicense","https://github.com/mourner/robust-predicates"
"npm","rope-sequence","1.3.4","MIT","https://github.com/marijnh/rope-sequence"
"npm","roughjs","4.6.4","MIT","https://github.com/pshihn/rough"
"npm","roughjs","4.6.6","MIT","https://github.com/pshihn/rough"
"npm","rw","1.3.3","BSD-3-Clause","https://github.com/mbostock/rw"
"npm","sade","1.8.1","MIT","https://github.com/lukeed/sade"
"npm","safer-buffer","2.1.2","MIT","https://github.com/ChALkeR/safer-buffer"
"npm","sass","1.51.0","MIT","https://github.com/sass/dart-sass"
"npm","scheduler","0.23.2","MIT","https://github.com/facebook/react"
"npm","shebang-command","2.0.0","MIT","https://github.com/kevva/shebang-command"
"npm","shebang-regex","3.0.0","MIT","https://github.com/sindresorhus/shebang-regex"
"npm","shiki","1.29.2","MIT","https://github.com/shikijs/shiki"
"npm","showdown","2.1.0","MIT","https://github.com/showdownjs/showdown"
"npm","sliced","1.0.1","MIT","https://github.com/aheckmann/sliced"
"npm","source-map-js","1.2.1","BSD-3-Clause","https://github.com/7rulnik/source-map-js"
"npm","space-separated-tokens","2.0.2","MIT","https://github.com/wooorm/space-separated-tokens"
"npm","speech-rule-engine","4.1.4","Apache-2.0","https://github.com/zorkow/speech-rule-engine"
"npm","stackblur-canvas","2.7.0","MIT","https://github.com/flozz/StackBlur"
"npm","stringify-entities","4.0.4","MIT","https://github.com/wooorm/stringify-entities"
"npm","stylis","4.4.0","MIT","https://github.com/thysultan/stylis.js"
"npm","svg-pathdata","6.0.3","MIT","https://github.com/nfroidure/svg-pathdata"
"npm","text-segmentation","1.0.3","MIT","https://github.com/niklasvh/text-segmentation"
"npm","tinyexec","1.2.4","MIT","https://github.com/tinylibs/tinyexec"
"npm","tiptap-markdown","0.9.0","MIT","https://github.com/aguingand/tiptap-markdown"
"npm","to-regex-range","5.0.1","MIT","https://github.com/micromatch/to-regex-range"
"npm","trim-lines","3.0.1","MIT","https://github.com/wooorm/trim-lines"
"npm","ts-dedent","2.2.0","MIT","https://github.com/tamino-martinius/node-ts-dedent"
"npm","tslib","2.8.1","0BSD","https://github.com/Microsoft/tslib"
"npm","tunnel-rat","0.1.2","MIT","https://github.com/pmndrs/tunnel-rat"
"npm","uc.micro","2.1.0","MIT","https://github.com/markdown-it/uc.micro"
"npm","unist-util-is","6.0.1","MIT","https://github.com/syntax-tree/unist-util-is"
"npm","unist-util-position","5.0.0","MIT","https://github.com/syntax-tree/unist-util-position"
"npm","unist-util-stringify-position","3.0.3","MIT","https://github.com/syntax-tree/unist-util-stringify-position"
"npm","unist-util-stringify-position","4.0.0","MIT","https://github.com/syntax-tree/unist-util-stringify-position"
"npm","unist-util-visit-parents","6.0.2","MIT","https://github.com/syntax-tree/unist-util-visit-parents"
"npm","unist-util-visit","5.1.0","MIT","https://github.com/syntax-tree/unist-util-visit"
"npm","use-callback-ref","1.3.3","MIT","https://github.com/theKashey/use-callback-ref"
"npm","use-sidecar","1.1.3","MIT","https://github.com/theKashey/use-sidecar"
"npm","use-sync-external-store","1.6.0","MIT","https://github.com/facebook/react"
"npm","util-deprecate","1.0.2","MIT","https://github.com/TooTallNate/util-deprecate"
"npm","utrie","1.0.2","MIT","https://github.com/niklasvh/utrie"
"npm","uuid","14.0.0","MIT","https://github.com/uuidjs/uuid"
"npm","uvu","0.5.6","MIT","https://github.com/lukeed/uvu"
"npm","vfile-message","4.0.3","MIT","https://github.com/vfile/vfile-message"
"npm","vfile","6.0.3","MIT","https://github.com/vfile/vfile"
"npm","vscode-jsonrpc","8.2.0","MIT","https://github.com/Microsoft/vscode-languageserver-node"
"npm","vscode-languageserver-protocol","3.17.5","MIT","https://github.com/Microsoft/vscode-languageserver-node"
"npm","vscode-languageserver-textdocument","1.0.12","MIT","https://github.com/Microsoft/vscode-languageserver-node"
"npm","vscode-languageserver-types","3.17.5","MIT","https://github.com/Microsoft/vscode-languageserver-node"
"npm","vscode-languageserver","9.0.1","MIT","https://github.com/Microsoft/vscode-languageserver-node"
"npm","vscode-uri","3.0.8","MIT","https://github.com/microsoft/vscode-uri"
"npm","w3c-keyname","2.2.8","MIT","https://github.com/marijnh/w3c-keyname"
"npm","web-worker","1.5.0","Apache-2.0","https://github.com/developit/web-worker"
"npm","webworkify","1.5.0","MIT","https://github.com/substack/webworkify"
"npm","which","2.0.2","ISC","https://github.com/isaacs/node-which"
"npm","wicked-good-xpath","1.3.0","MIT","https://github.com/google/wicked-good-xpath"
"npm","xss","1.0.15","MIT","https://github.com/leizongmin/js-xss"
"npm","zustand","4.5.7","MIT","https://github.com/pmndrs/zustand"
"npm","zwitch","2.0.4","MIT","https://github.com/wooorm/zwitch"
"cargo","adler2","2.0.1","0BSD OR MIT OR Apache-2.0","https://github.com/oyvindln/adler2"
"cargo","aho-corasick","1.1.4","Unlicense OR MIT","https://github.com/BurntSushi/aho-corasick"
"cargo","alloc-no-stdlib","2.0.4","BSD-3-Clause","https://github.com/dropbox/rust-alloc-no-stdlib"
"cargo","alloc-stdlib","0.2.2","BSD-3-Clause","https://github.com/dropbox/rust-alloc-no-stdlib"
"cargo","android_system_properties","0.1.5","MIT/Apache-2.0","https://github.com/nical/android_system_properties"
"cargo","anyhow","1.0.102","MIT OR Apache-2.0","https://github.com/dtolnay/anyhow"
"cargo","arboard","3.6.1","MIT OR Apache-2.0","https://github.com/1Password/arboard"
"cargo","ashpd","0.11.1","MIT","https://github.com/bilelmoussaoui/ashpd"
"cargo","async-broadcast","0.7.2","MIT OR Apache-2.0","https://github.com/smol-rs/async-broadcast"
"cargo","async-channel","2.5.0","Apache-2.0 OR MIT","https://github.com/smol-rs/async-channel"
"cargo","async-executor","1.14.0","Apache-2.0 OR MIT","https://github.com/smol-rs/async-executor"
"cargo","async-fs","2.2.0","Apache-2.0 OR MIT","https://github.com/smol-rs/async-fs"
"cargo","async-io","2.6.0","Apache-2.0 OR MIT","https://github.com/smol-rs/async-io"
"cargo","async-lock","3.4.2","Apache-2.0 OR MIT","https://github.com/smol-rs/async-lock"
"cargo","async-net","2.0.0","Apache-2.0 OR MIT","https://github.com/smol-rs/async-net"
"cargo","async-process","2.5.0","Apache-2.0 OR MIT","https://github.com/smol-rs/async-process"
"cargo","async-recursion","1.1.1","MIT OR Apache-2.0","https://github.com/dcchut/async-recursion"
"cargo","async-signal","0.2.14","Apache-2.0 OR MIT","https://github.com/smol-rs/async-signal"
"cargo","async-task","4.7.1","Apache-2.0 OR MIT","https://github.com/smol-rs/async-task"
"cargo","async-trait","0.1.89","MIT OR Apache-2.0","https://github.com/dtolnay/async-trait"
"cargo","atk","0.18.2","MIT","https://github.com/gtk-rs/gtk3-rs"
"cargo","atk-sys","0.18.2","MIT","https://github.com/gtk-rs/gtk3-rs"
"cargo","atomic-waker","1.1.2","Apache-2.0 OR MIT","https://github.com/smol-rs/atomic-waker"
"cargo","autocfg","1.5.1","Apache-2.0 OR MIT","https://github.com/cuviper/autocfg"
"cargo","base64","0.21.7","MIT OR Apache-2.0","https://github.com/marshallpierce/rust-base64"
"cargo","base64","0.22.1","MIT OR Apache-2.0","https://github.com/marshallpierce/rust-base64"
"cargo","bit-set","0.8.0","Apache-2.0 OR MIT","https://github.com/contain-rs/bit-set"
"cargo","bit-vec","0.8.0","Apache-2.0 OR MIT","https://github.com/contain-rs/bit-vec"
"cargo","bitflags","1.3.2","MIT/Apache-2.0","https://github.com/bitflags/bitflags"
"cargo","bitflags","2.11.1","MIT OR Apache-2.0","https://github.com/bitflags/bitflags"
"cargo","block-buffer","0.10.4","MIT OR Apache-2.0","https://github.com/RustCrypto/utils"
"cargo","block2","0.6.2","MIT","https://github.com/madsmtm/objc2"
"cargo","blocking","1.6.2","Apache-2.0 OR MIT","https://github.com/smol-rs/blocking"
"cargo","brotli","8.0.3","BSD-3-Clause AND MIT","https://github.com/dropbox/rust-brotli"
"cargo","brotli-decompressor","5.0.1","BSD-3-Clause/MIT","https://github.com/dropbox/rust-brotli-decompressor"
"cargo","bs58","0.5.1","MIT/Apache-2.0","https://github.com/Nullus157/bs58-rs"
"cargo","bumpalo","3.20.3","MIT OR Apache-2.0","https://github.com/fitzgen/bumpalo"
"cargo","bytemuck","1.25.0","Zlib OR Apache-2.0 OR MIT","https://github.com/Lokathor/bytemuck"
"cargo","byteorder","1.5.0","Unlicense OR MIT","https://github.com/BurntSushi/byteorder"
"cargo","byteorder-lite","0.1.0","Unlicense OR MIT","https://github.com/image-rs/byteorder-lite"
"cargo","bytes","1.11.1","MIT","https://github.com/tokio-rs/bytes"
"cargo","cairo-rs","0.18.5","MIT","https://github.com/gtk-rs/gtk-rs-core"
"cargo","cairo-sys-rs","0.18.2","MIT","https://github.com/gtk-rs/gtk-rs-core"
"cargo","camino","1.2.2","MIT OR Apache-2.0","https://github.com/camino-rs/camino"
"cargo","cargo-platform","0.1.9","MIT OR Apache-2.0","https://github.com/rust-lang/cargo"
"cargo","cargo_metadata","0.19.2","MIT","https://github.com/oli-obk/cargo_metadata"
"cargo","cargo_toml","0.22.3","Apache-2.0 OR MIT","https://gitlab.com/lib.rs/cargo_toml"
"cargo","cc","1.2.63","MIT OR Apache-2.0","https://github.com/rust-lang/cc-rs"
"cargo","cesu8","1.1.0","Apache-2.0/MIT","https://github.com/emk/cesu8-rs"
"cargo","cfb","0.7.3","MIT","https://github.com/mdsteele/rust-cfb"
"cargo","cfg-expr","0.15.8","MIT OR Apache-2.0","https://github.com/EmbarkStudios/cfg-expr"
"cargo","cfg-if","1.0.4","MIT OR Apache-2.0","https://github.com/rust-lang/cfg-if"
"cargo","chrono","0.4.44","MIT OR Apache-2.0","https://github.com/chronotope/chrono"
"cargo","clipboard-win","5.4.1","BSL-1.0","https://github.com/DoumanAsh/clipboard-win"
"cargo","combine","4.6.7","MIT","https://github.com/Marwes/combine"
"cargo","concurrent-queue","2.5.0","Apache-2.0 OR MIT","https://github.com/smol-rs/concurrent-queue"
"cargo","cookie","0.18.1","MIT OR Apache-2.0","https://github.com/SergioBenitez/cookie-rs"
"cargo","core-foundation","0.10.1","MIT OR Apache-2.0","https://github.com/servo/core-foundation-rs"
"cargo","core-foundation-sys","0.8.7","MIT OR Apache-2.0","https://github.com/servo/core-foundation-rs"
"cargo","core-graphics","0.25.0","MIT OR Apache-2.0","https://github.com/servo/core-foundation-rs"
"cargo","core-graphics-types","0.2.0","MIT OR Apache-2.0","https://github.com/servo/core-foundation-rs"
"cargo","cpufeatures","0.2.17","MIT OR Apache-2.0","https://github.com/RustCrypto/utils"
"cargo","crc32fast","1.5.0","MIT OR Apache-2.0","https://github.com/srijs/rust-crc32fast"
"cargo","crossbeam-channel","0.5.15","MIT OR Apache-2.0","https://github.com/crossbeam-rs/crossbeam"
"cargo","crossbeam-utils","0.8.21","MIT OR Apache-2.0","https://github.com/crossbeam-rs/crossbeam"
"cargo","crunchy","0.2.4","MIT","https://github.com/eira-fransham/crunchy"
"cargo","crypto-common","0.1.7","MIT OR Apache-2.0","https://github.com/RustCrypto/traits"
"cargo","cssparser","0.36.0","MPL-2.0","https://github.com/servo/rust-cssparser"
"cargo","cssparser-macros","0.6.1","MPL-2.0","https://github.com/servo/rust-cssparser"
"cargo","ctor","0.8.0","Apache-2.0 OR MIT","https://github.com/mmastrac/rust-ctor"
"cargo","ctor-proc-macro","0.0.7","Apache-2.0 OR MIT","https://github.com/mmastrac/rust-ctor"
"cargo","darling","0.23.0","MIT","https://github.com/TedDriggs/darling"
"cargo","darling_core","0.23.0","MIT","https://github.com/TedDriggs/darling"
"cargo","darling_macro","0.23.0","MIT","https://github.com/TedDriggs/darling"
"cargo","dbus","0.9.11","Apache-2.0/MIT","https://github.com/diwic/dbus-rs"
"cargo","deranged","0.5.8","MIT OR Apache-2.0","https://github.com/jhpratt/deranged"
"cargo","derive_more","2.1.1","MIT","https://github.com/JelteF/derive_more"
"cargo","derive_more-impl","2.1.1","MIT","https://github.com/JelteF/derive_more"
"cargo","digest","0.10.7","MIT OR Apache-2.0","https://github.com/RustCrypto/traits"
"cargo","dirs","6.0.0","MIT OR Apache-2.0","https://github.com/soc/dirs-rs"
"cargo","dirs-sys","0.5.0","MIT OR Apache-2.0","https://github.com/dirs-dev/dirs-sys-rs"
"cargo","dispatch2","0.3.1","Zlib OR Apache-2.0 OR MIT","https://github.com/madsmtm/objc2"
"cargo","displaydoc","0.2.6","MIT OR Apache-2.0","https://github.com/yaahc/displaydoc"
"cargo","dlib","0.5.3","MIT","https://github.com/elinorbgr/dlib"
"cargo","dlopen2","0.8.2","MIT","https://github.com/OpenByteDev/dlopen2"
"cargo","dlopen2_derive","0.4.3","MIT","https://github.com/OpenByteDev/dlopen2"
"cargo","dom_query","0.27.0","MIT","https://github.com/niklak/dom_query"
"cargo","downcast-rs","1.2.1","MIT/Apache-2.0","https://github.com/marcianx/downcast-rs"
"cargo","dpi","0.1.2","Apache-2.0 AND MIT","https://github.com/rust-windowing/winit"
"cargo","dtoa","1.0.11","MIT OR Apache-2.0","https://github.com/dtolnay/dtoa"
"cargo","dtoa-short","0.3.5","MPL-2.0","https://github.com/upsuper/dtoa-short"
"cargo","dtor","0.3.0","Apache-2.0 OR MIT","https://github.com/mmastrac/rust-ctor"
"cargo","dtor-proc-macro","0.0.6","Apache-2.0 OR MIT","https://github.com/mmastrac/rust-ctor"
"cargo","dunce","1.0.5","CC0-1.0 OR MIT-0 OR Apache-2.0","https://gitlab.com/kornelski/dunce"
"cargo","dyn-clone","1.0.20","MIT OR Apache-2.0","https://github.com/dtolnay/dyn-clone"
"cargo","embed-resource","3.0.9","MIT","https://github.com/nabijaczleweli/rust-embed-resource"
"cargo","embed_plist","1.2.2","MIT OR Apache-2.0","https://github.com/nvzqz/embed-plist-rs"
"cargo","endi","1.1.1","MIT","https://github.com/zeenix/endi"
"cargo","enumflags2","0.7.12","MIT OR Apache-2.0","https://github.com/meithecatte/enumflags2"
"cargo","enumflags2_derive","0.7.12","MIT OR Apache-2.0","https://github.com/meithecatte/enumflags2"
"cargo","equivalent","1.0.2","Apache-2.0 OR MIT","https://github.com/indexmap-rs/equivalent"
"cargo","erased-serde","0.4.10","MIT OR Apache-2.0","https://github.com/dtolnay/erased-serde"
"cargo","errno","0.3.14","MIT OR Apache-2.0","https://github.com/lambda-fairy/rust-errno"
"cargo","error-code","3.3.2","BSL-1.0","https://github.com/DoumanAsh/error-code"
"cargo","event-listener","5.4.1","Apache-2.0 OR MIT","https://github.com/smol-rs/event-listener"
"cargo","event-listener-strategy","0.5.4","Apache-2.0 OR MIT","https://github.com/smol-rs/event-listener-strategy"
"cargo","fastrand","2.4.1","Apache-2.0 OR MIT","https://github.com/smol-rs/fastrand"
"cargo","fax","0.2.7","MIT","https://github.com/pdf-rs/fax"
"cargo","fdeflate","0.3.7","MIT OR Apache-2.0","https://github.com/image-rs/fdeflate"
"cargo","field-offset","0.3.6","MIT OR Apache-2.0","https://github.com/Diggsey/rust-field-offset"
"cargo","filetime","0.2.29","MIT/Apache-2.0","https://github.com/alexcrichton/filetime"
"cargo","find-msvc-tools","0.1.9","MIT OR Apache-2.0","https://github.com/rust-lang/cc-rs"
"cargo","flate2","1.1.9","MIT OR Apache-2.0","https://github.com/rust-lang/flate2-rs"
"cargo","fnv","1.0.7","Apache-2.0 / MIT","https://github.com/servo/rust-fnv"
"cargo","foldhash","0.1.5","Zlib","https://github.com/orlp/foldhash"
"cargo","foldhash","0.2.0","Zlib","https://github.com/orlp/foldhash"
"cargo","foreign-types","0.5.0","MIT/Apache-2.0","https://github.com/sfackler/foreign-types"
"cargo","foreign-types-macros","0.2.3","MIT/Apache-2.0","https://github.com/sfackler/foreign-types"
"cargo","foreign-types-shared","0.3.1","MIT/Apache-2.0","https://github.com/sfackler/foreign-types"
"cargo","form_urlencoded","1.2.2","MIT OR Apache-2.0","https://github.com/servo/rust-url"
"cargo","fsevent-sys","4.1.0","MIT","https://github.com/octplane/fsevent-rust/tree/master/fsevent-sys"
"cargo","futures-channel","0.3.32","MIT OR Apache-2.0","https://github.com/rust-lang/futures-rs"
"cargo","futures-core","0.3.32","MIT OR Apache-2.0","https://github.com/rust-lang/futures-rs"
"cargo","futures-executor","0.3.32","MIT OR Apache-2.0","https://github.com/rust-lang/futures-rs"
"cargo","futures-io","0.3.32","MIT OR Apache-2.0","https://github.com/rust-lang/futures-rs"
"cargo","futures-lite","2.6.1","Apache-2.0 OR MIT","https://github.com/smol-rs/futures-lite"
"cargo","futures-macro","0.3.32","MIT OR Apache-2.0","https://github.com/rust-lang/futures-rs"
"cargo","futures-sink","0.3.32","MIT OR Apache-2.0","https://github.com/rust-lang/futures-rs"
"cargo","futures-task","0.3.32","MIT OR Apache-2.0","https://github.com/rust-lang/futures-rs"
"cargo","futures-util","0.3.32","MIT OR Apache-2.0","https://github.com/rust-lang/futures-rs"
"cargo","gdk","0.18.2","MIT","https://github.com/gtk-rs/gtk3-rs"
"cargo","gdk-pixbuf","0.18.5","MIT","https://github.com/gtk-rs/gtk-rs-core"
"cargo","gdk-pixbuf-sys","0.18.0","MIT","https://github.com/gtk-rs/gtk-rs-core"
"cargo","gdk-sys","0.18.2","MIT","https://github.com/gtk-rs/gtk3-rs"
"cargo","gdkwayland-sys","0.18.2","MIT","https://github.com/gtk-rs/gtk3-rs"
"cargo","gdkx11","0.18.2","MIT","https://github.com/gtk-rs/gtk3-rs"
"cargo","gdkx11-sys","0.18.2","MIT","https://github.com/gtk-rs/gtk3-rs"
"cargo","generic-array","0.14.7","MIT","https://github.com/fizyk20/generic-array.git"
"cargo","gethostname","1.1.0","Apache-2.0","https://codeberg.org/swsnr/gethostname.rs.git"
"cargo","getrandom","0.2.17","MIT OR Apache-2.0","https://github.com/rust-random/getrandom"
"cargo","getrandom","0.3.4","MIT OR Apache-2.0","https://github.com/rust-random/getrandom"
"cargo","getrandom","0.4.2","MIT OR Apache-2.0","https://github.com/rust-random/getrandom"
"cargo","gio","0.18.4","MIT","https://github.com/gtk-rs/gtk-rs-core"
"cargo","gio-sys","0.18.1","MIT","https://github.com/gtk-rs/gtk-rs-core"
"cargo","glib","0.18.5","MIT","https://github.com/gtk-rs/gtk-rs-core"
"cargo","glib-macros","0.18.5","MIT","https://github.com/gtk-rs/gtk-rs-core"
"cargo","glib-sys","0.18.1","MIT","https://github.com/gtk-rs/gtk-rs-core"
"cargo","glob","0.3.3","MIT OR Apache-2.0","https://github.com/rust-lang/glob"
"cargo","gobject-sys","0.18.0","MIT","https://github.com/gtk-rs/gtk-rs-core"
"cargo","gtk","0.18.2","MIT","https://github.com/gtk-rs/gtk3-rs"
"cargo","gtk-sys","0.18.2","MIT","https://github.com/gtk-rs/gtk3-rs"
"cargo","gtk3-macros","0.18.2","MIT","https://github.com/gtk-rs/gtk3-rs"
"cargo","half","2.7.1","MIT OR Apache-2.0","https://github.com/VoidStarKat/half-rs"
"cargo","hashbrown","0.12.3","MIT OR Apache-2.0","https://github.com/rust-lang/hashbrown"
"cargo","hashbrown","0.15.5","MIT OR Apache-2.0","https://github.com/rust-lang/hashbrown"
"cargo","hashbrown","0.17.1","MIT OR Apache-2.0","https://github.com/rust-lang/hashbrown"
"cargo","heck","0.4.1","MIT OR Apache-2.0","https://github.com/withoutboats/heck"
"cargo","heck","0.5.0","MIT OR Apache-2.0","https://github.com/withoutboats/heck"
"cargo","hermit-abi","0.5.2","MIT OR Apache-2.0","https://github.com/hermit-os/hermit-rs"
"cargo","hex","0.4.3","MIT OR Apache-2.0","https://github.com/KokaKiwi/rust-hex"
"cargo","html5ever","0.38.0","MIT OR Apache-2.0","https://github.com/servo/html5ever"
"cargo","http","1.4.1","MIT OR Apache-2.0","https://github.com/hyperium/http"
"cargo","http-body","1.0.1","MIT","https://github.com/hyperium/http-body"
"cargo","http-body-util","0.1.3","MIT","https://github.com/hyperium/http-body"
"cargo","httparse","1.10.1","MIT OR Apache-2.0","https://github.com/seanmonstar/httparse"
"cargo","hyper","1.10.1","MIT","https://github.com/hyperium/hyper"
"cargo","hyper-util","0.1.20","MIT","https://github.com/hyperium/hyper-util"
"cargo","iana-time-zone","0.1.65","MIT OR Apache-2.0","https://github.com/strawlab/iana-time-zone"
"cargo","iana-time-zone-haiku","0.1.2","MIT OR Apache-2.0","https://github.com/strawlab/iana-time-zone"
"cargo","ico","0.5.0","MIT","https://github.com/mdsteele/rust-ico"
"cargo","icu_collections","2.2.0","Unicode-3.0","https://github.com/unicode-org/icu4x"
"cargo","icu_locale_core","2.2.0","Unicode-3.0","https://github.com/unicode-org/icu4x"
"cargo","icu_normalizer","2.2.0","Unicode-3.0","https://github.com/unicode-org/icu4x"
"cargo","icu_normalizer_data","2.2.0","Unicode-3.0","https://github.com/unicode-org/icu4x"
"cargo","icu_properties","2.2.0","Unicode-3.0","https://github.com/unicode-org/icu4x"
"cargo","icu_properties_data","2.2.0","Unicode-3.0","https://github.com/unicode-org/icu4x"
"cargo","icu_provider","2.2.0","Unicode-3.0","https://github.com/unicode-org/icu4x"
"cargo","id-arena","2.3.0","MIT/Apache-2.0","https://github.com/fitzgen/id-arena"
"cargo","ident_case","1.0.1","MIT/Apache-2.0","https://github.com/TedDriggs/ident_case"
"cargo","idna","1.1.0","MIT OR Apache-2.0","https://github.com/servo/rust-url/"
"cargo","idna_adapter","1.2.2","Apache-2.0 OR MIT","https://github.com/hsivonen/idna_adapter"
"cargo","image","0.25.10","MIT OR Apache-2.0","https://github.com/image-rs/image"
"cargo","indexmap","1.9.3","Apache-2.0 OR MIT","https://github.com/bluss/indexmap"
"cargo","indexmap","2.14.0","Apache-2.0 OR MIT","https://github.com/indexmap-rs/indexmap"
"cargo","infer","0.19.0","MIT","https://github.com/bojand/infer"
"cargo","inotify","0.9.6","ISC","https://github.com/hannobraun/inotify"
"cargo","inotify-sys","0.1.5","ISC","https://github.com/hannobraun/inotify-sys"
"cargo","ipnet","2.12.0","MIT OR Apache-2.0","https://github.com/krisprice/ipnet"
"cargo","itoa","1.0.18","MIT OR Apache-2.0","https://github.com/dtolnay/itoa"
"cargo","javascriptcore-rs","1.1.2","MIT","https://github.com/tauri-apps/javascriptcore-rs"
"cargo","javascriptcore-rs-sys","1.1.1","MIT","https://github.com/tauri-apps/javascriptcore-rs"
"cargo","jni","0.21.1","MIT/Apache-2.0","https://github.com/jni-rs/jni-rs"
"cargo","jni-sys","0.3.1","MIT OR Apache-2.0","https://github.com/jni-rs/jni-sys"
"cargo","jni-sys","0.4.1","MIT OR Apache-2.0","https://github.com/jni-rs/jni-sys"
"cargo","jni-sys-macros","0.4.1","MIT OR Apache-2.0","https://github.com/jni-rs/jni-sys"
"cargo","js-sys","0.3.99","MIT OR Apache-2.0","https://github.com/wasm-bindgen/wasm-bindgen/tree/master/crates/js-sys"
"cargo","json-patch","3.0.1","MIT/Apache-2.0","https://github.com/idubrov/json-patch"
"cargo","jsonptr","0.6.3","MIT OR Apache-2.0","https://github.com/chanced/jsonptr"
"cargo","keyboard-types","0.7.0","MIT OR Apache-2.0","https://github.com/pyfisch/keyboard-types"
"cargo","kqueue","1.2.0","MIT","https://gitlab.com/rust-kqueue/rust-kqueue"
"cargo","kqueue-sys","1.1.2","MIT","https://gitlab.com/rust-kqueue/rust-kqueue-sys"
"cargo","leb128fmt","0.1.0","MIT OR Apache-2.0","https://github.com/bluk/leb128fmt"
"cargo","libappindicator","0.9.0","Apache-2.0 OR MIT",""
"cargo","libappindicator-sys","0.9.0","Apache-2.0 OR MIT",""
"cargo","libc","0.2.186","MIT OR Apache-2.0","https://github.com/rust-lang/libc"
"cargo","libdbus-sys","0.2.7","Apache-2.0/MIT","https://github.com/diwic/dbus-rs"
"cargo","libloading","0.7.4","ISC","https://github.com/nagisa/rust_libloading/"
"cargo","libloading","0.8.9","ISC","https://github.com/nagisa/rust_libloading/"
"cargo","libredox","0.1.17","MIT","https://gitlab.redox-os.org/redox-os/libredox.git"
"cargo","linux-raw-sys","0.12.1","Apache-2.0 WITH LLVM-exception OR Apache-2.0 OR MIT","https://github.com/sunfishcode/linux-raw-sys"
"cargo","litemap","0.8.2","Unicode-3.0","https://github.com/unicode-org/icu4x"
"cargo","lock_api","0.4.14","MIT OR Apache-2.0","https://github.com/Amanieu/parking_lot"
"cargo","log","0.4.30","MIT OR Apache-2.0","https://github.com/rust-lang/log"
"cargo","markup5ever","0.38.0","MIT OR Apache-2.0","https://github.com/servo/html5ever"
"cargo","memchr","2.8.1","Unlicense OR MIT","https://github.com/BurntSushi/memchr"
"cargo","memoffset","0.9.1","MIT","https://github.com/Gilnaa/memoffset"
"cargo","mime","0.3.17","MIT OR Apache-2.0","https://github.com/hyperium/mime"
"cargo","miniz_oxide","0.8.9","MIT OR Zlib OR Apache-2.0","https://github.com/Frommi/miniz_oxide/tree/master/miniz_oxide"
"cargo","mio","0.8.11","MIT","https://github.com/tokio-rs/mio"
"cargo","mio","1.2.1","MIT","https://github.com/tokio-rs/mio"
"cargo","moxcms","0.8.1","BSD-3-Clause OR Apache-2.0","https://github.com/awxkee/moxcms.git"
"cargo","muda","0.19.2","Apache-2.0 OR MIT","https://github.com/tauri-apps/muda"
"cargo","ndk","0.9.0","MIT OR Apache-2.0","https://github.com/rust-mobile/ndk"
"cargo","ndk-sys","0.6.0+11769913","MIT OR Apache-2.0","https://github.com/rust-mobile/ndk"
"cargo","new_debug_unreachable","1.0.6","MIT","https://github.com/mbrubeck/rust-debug-unreachable"
"cargo","notify","6.1.1","CC0-1.0","https://github.com/notify-rs/notify.git"
"cargo","notify-debouncer-mini","0.4.1","MIT OR Apache-2.0","https://github.com/notify-rs/notify.git"
"cargo","num-conv","0.2.2","MIT OR Apache-2.0","https://github.com/jhpratt/num-conv"
"cargo","num-traits","0.2.19","MIT OR Apache-2.0","https://github.com/rust-num/num-traits"
"cargo","num_enum","0.7.6","BSD-3-Clause OR MIT OR Apache-2.0","https://github.com/illicitonion/num_enum"
"cargo","num_enum_derive","0.7.6","BSD-3-Clause OR MIT OR Apache-2.0","https://github.com/illicitonion/num_enum"
"cargo","objc2","0.6.4","MIT","https://github.com/madsmtm/objc2"
"cargo","objc2-app-kit","0.3.2","Zlib OR Apache-2.0 OR MIT","https://github.com/madsmtm/objc2"
"cargo","objc2-cloud-kit","0.3.2","Zlib OR Apache-2.0 OR MIT","https://github.com/madsmtm/objc2"
"cargo","objc2-core-data","0.3.2","Zlib OR Apache-2.0 OR MIT","https://github.com/madsmtm/objc2"
"cargo","objc2-core-foundation","0.3.2","Zlib OR Apache-2.0 OR MIT","https://github.com/madsmtm/objc2"
"cargo","objc2-core-graphics","0.3.2","Zlib OR Apache-2.0 OR MIT","https://github.com/madsmtm/objc2"
"cargo","objc2-core-image","0.3.2","Zlib OR Apache-2.0 OR MIT","https://github.com/madsmtm/objc2"
"cargo","objc2-core-location","0.3.2","Zlib OR Apache-2.0 OR MIT","https://github.com/madsmtm/objc2"
"cargo","objc2-core-text","0.3.2","Zlib OR Apache-2.0 OR MIT","https://github.com/madsmtm/objc2"
"cargo","objc2-encode","4.1.0","MIT","https://github.com/madsmtm/objc2"
"cargo","objc2-exception-helper","0.1.1","Zlib OR Apache-2.0 OR MIT","https://github.com/madsmtm/objc2"
"cargo","objc2-foundation","0.3.2","MIT","https://github.com/madsmtm/objc2"
"cargo","objc2-io-surface","0.3.2","Zlib OR Apache-2.0 OR MIT","https://github.com/madsmtm/objc2"
"cargo","objc2-quartz-core","0.3.2","Zlib OR Apache-2.0 OR MIT","https://github.com/madsmtm/objc2"
"cargo","objc2-ui-kit","0.3.2","Zlib OR Apache-2.0 OR MIT","https://github.com/madsmtm/objc2"
"cargo","objc2-user-notifications","0.3.2","Zlib OR Apache-2.0 OR MIT","https://github.com/madsmtm/objc2"
"cargo","objc2-web-kit","0.3.2","Zlib OR Apache-2.0 OR MIT","https://github.com/madsmtm/objc2"
"cargo","once_cell","1.21.4","MIT OR Apache-2.0","https://github.com/matklad/once_cell"
"cargo","option-ext","0.2.0","MPL-2.0","https://github.com/soc/option-ext.git"
"cargo","ordered-stream","0.2.0","MIT OR Apache-2.0","https://github.com/danieldg/ordered-stream"
"cargo","pango","0.18.3","MIT","https://github.com/gtk-rs/gtk-rs-core"
"cargo","pango-sys","0.18.0","MIT","https://github.com/gtk-rs/gtk-rs-core"
"cargo","parking","2.2.1","Apache-2.0 OR MIT","https://github.com/smol-rs/parking"
"cargo","parking_lot","0.12.5","MIT OR Apache-2.0","https://github.com/Amanieu/parking_lot"
"cargo","parking_lot_core","0.9.12","MIT OR Apache-2.0","https://github.com/Amanieu/parking_lot"
"cargo","percent-encoding","2.3.2","MIT OR Apache-2.0","https://github.com/servo/rust-url/"
"cargo","phf","0.13.1","MIT","https://github.com/rust-phf/rust-phf"
"cargo","phf_codegen","0.13.1","MIT","https://github.com/rust-phf/rust-phf"
"cargo","phf_generator","0.13.1","MIT","https://github.com/rust-phf/rust-phf"
"cargo","phf_macros","0.13.1","MIT","https://github.com/rust-phf/rust-phf"
"cargo","phf_shared","0.13.1","MIT","https://github.com/rust-phf/rust-phf"
"cargo","pin-project-lite","0.2.17","Apache-2.0 OR MIT","https://github.com/taiki-e/pin-project-lite"
"cargo","piper","0.2.5","MIT OR Apache-2.0","https://github.com/smol-rs/piper"
"cargo","pkg-config","0.3.33","MIT OR Apache-2.0","https://github.com/rust-lang/pkg-config-rs"
"cargo","plist","1.9.0","MIT","https://github.com/ebarnard/rust-plist/"
"cargo","png","0.17.16","MIT OR Apache-2.0","https://github.com/image-rs/image-png"
"cargo","png","0.18.1","MIT OR Apache-2.0","https://github.com/image-rs/image-png"
"cargo","polling","3.11.0","Apache-2.0 OR MIT","https://github.com/smol-rs/polling"
"cargo","pollster","0.4.0","Apache-2.0/MIT","https://github.com/zesterer/pollster"
"cargo","potential_utf","0.1.5","Unicode-3.0","https://github.com/unicode-org/icu4x"
"cargo","powerfmt","0.2.0","MIT OR Apache-2.0","https://github.com/jhpratt/powerfmt"
"cargo","ppv-lite86","0.2.21","MIT OR Apache-2.0","https://github.com/cryptocorrosion/cryptocorrosion"
"cargo","precomputed-hash","0.1.1","MIT","https://github.com/emilio/precomputed-hash"
"cargo","prettyplease","0.2.37","MIT OR Apache-2.0","https://github.com/dtolnay/prettyplease"
"cargo","proc-macro-crate","1.3.1","MIT OR Apache-2.0","https://github.com/bkchr/proc-macro-crate"
"cargo","proc-macro-crate","2.0.2","MIT OR Apache-2.0","https://github.com/bkchr/proc-macro-crate"
"cargo","proc-macro-crate","3.5.0","MIT OR Apache-2.0","https://github.com/bkchr/proc-macro-crate"
"cargo","proc-macro-error","1.0.4","MIT OR Apache-2.0","https://gitlab.com/CreepySkeleton/proc-macro-error"
"cargo","proc-macro-error-attr","1.0.4","MIT OR Apache-2.0","https://gitlab.com/CreepySkeleton/proc-macro-error"
"cargo","proc-macro2","1.0.106","MIT OR Apache-2.0","https://github.com/dtolnay/proc-macro2"
"cargo","pxfm","0.1.29","BSD-3-Clause OR Apache-2.0","https://github.com/awxkee/pxfm"
"cargo","quick-error","2.0.1","MIT/Apache-2.0","http://github.com/tailhook/quick-error"
"cargo","quick-xml","0.39.4","MIT","https://github.com/tafia/quick-xml"
"cargo","quote","1.0.45","MIT OR Apache-2.0","https://github.com/dtolnay/quote"
"cargo","r-efi","5.3.0","MIT OR Apache-2.0 OR LGPL-2.1-or-later","https://github.com/r-efi/r-efi"
"cargo","r-efi","6.0.0","MIT OR Apache-2.0 OR LGPL-2.1-or-later","https://github.com/r-efi/r-efi"
"cargo","rand","0.9.4","MIT OR Apache-2.0","https://github.com/rust-random/rand"
"cargo","rand_chacha","0.9.0","MIT OR Apache-2.0","https://github.com/rust-random/rand"
"cargo","rand_core","0.9.5","MIT OR Apache-2.0","https://github.com/rust-random/rand"
"cargo","raw-window-handle","0.6.2","MIT OR Apache-2.0 OR Zlib","https://github.com/rust-windowing/raw-window-handle"
"cargo","redox_syscall","0.5.18","MIT","https://gitlab.redox-os.org/redox-os/syscall"
"cargo","redox_users","0.5.2","MIT","https://gitlab.redox-os.org/redox-os/users"
"cargo","ref-cast","1.0.25","MIT OR Apache-2.0","https://github.com/dtolnay/ref-cast"
"cargo","ref-cast-impl","1.0.25","MIT OR Apache-2.0","https://github.com/dtolnay/ref-cast"
"cargo","regex","1.12.3","MIT OR Apache-2.0","https://github.com/rust-lang/regex"
"cargo","regex-automata","0.4.14","MIT OR Apache-2.0","https://github.com/rust-lang/regex"
"cargo","regex-syntax","0.8.10","MIT OR Apache-2.0","https://github.com/rust-lang/regex"
"cargo","reqwest","0.13.4","MIT OR Apache-2.0","https://github.com/seanmonstar/reqwest"
"cargo","rfd","0.15.4","MIT","https://github.com/PolyMeilex/rfd"
"cargo","rustc-hash","2.1.2","Apache-2.0 OR MIT","https://github.com/rust-lang/rustc-hash"
"cargo","rustc_version","0.4.1","MIT OR Apache-2.0","https://github.com/djc/rustc-version-rs"
"cargo","rustix","1.1.4","Apache-2.0 WITH LLVM-exception OR Apache-2.0 OR MIT","https://github.com/bytecodealliance/rustix"
"cargo","rustversion","1.0.22","MIT OR Apache-2.0","https://github.com/dtolnay/rustversion"
"cargo","same-file","1.0.6","Unlicense/MIT","https://github.com/BurntSushi/same-file"
"cargo","schemars","0.8.22","MIT","https://github.com/GREsau/schemars"
"cargo","schemars","0.9.0","MIT","https://github.com/GREsau/schemars"
"cargo","schemars","1.2.1","MIT","https://github.com/GREsau/schemars"
"cargo","schemars_derive","0.8.22","MIT","https://github.com/GREsau/schemars"
"cargo","scoped-tls","1.0.1","MIT/Apache-2.0","https://github.com/alexcrichton/scoped-tls"
"cargo","scopeguard","1.2.0","MIT OR Apache-2.0","https://github.com/bluss/scopeguard"
"cargo","selectors","0.36.1","MPL-2.0","https://github.com/servo/stylo"
"cargo","semver","1.0.28","MIT OR Apache-2.0","https://github.com/dtolnay/semver"
"cargo","serde","1.0.228","MIT OR Apache-2.0","https://github.com/serde-rs/serde"
"cargo","serde-untagged","0.1.9","MIT OR Apache-2.0","https://github.com/dtolnay/serde-untagged"
"cargo","serde_core","1.0.228","MIT OR Apache-2.0","https://github.com/serde-rs/serde"
"cargo","serde_derive","1.0.228","MIT OR Apache-2.0","https://github.com/serde-rs/serde"
"cargo","serde_derive_internals","0.29.1","MIT OR Apache-2.0","https://github.com/serde-rs/serde"
"cargo","serde_json","1.0.150","MIT OR Apache-2.0","https://github.com/serde-rs/json"
"cargo","serde_repr","0.1.20","MIT OR Apache-2.0","https://github.com/dtolnay/serde-repr"
"cargo","serde_spanned","0.6.9","MIT OR Apache-2.0","https://github.com/toml-rs/toml"
"cargo","serde_spanned","1.1.1","MIT OR Apache-2.0","https://github.com/toml-rs/toml"
"cargo","serde_with","3.20.0","MIT OR Apache-2.0","https://github.com/jonasbb/serde_with/"
"cargo","serde_with_macros","3.20.0","MIT OR Apache-2.0","https://github.com/jonasbb/serde_with/"
"cargo","serialize-to-javascript","0.1.2","MIT OR Apache-2.0","https://github.com/chippers/serialize-to-javascript"
"cargo","serialize-to-javascript-impl","0.1.2","MIT OR Apache-2.0","https://github.com/chippers/serialize-to-javascript"
"cargo","servo_arc","0.4.3","MIT OR Apache-2.0","https://github.com/servo/stylo"
"cargo","sha2","0.10.9","MIT OR Apache-2.0","https://github.com/RustCrypto/hashes"
"cargo","shlex","2.0.1","MIT OR Apache-2.0","https://github.com/comex/rust-shlex"
"cargo","signal-hook-registry","1.4.8","MIT OR Apache-2.0","https://github.com/vorner/signal-hook"
"cargo","simd-adler32","0.3.9","MIT","https://github.com/mcountryman/simd-adler32"
"cargo","siphasher","1.0.3","MIT/Apache-2.0","https://github.com/jedisct1/rust-siphash"
"cargo","slab","0.4.12","MIT","https://github.com/tokio-rs/slab"
"cargo","smallvec","1.15.1","MIT OR Apache-2.0","https://github.com/servo/rust-smallvec"
"cargo","socket2","0.6.4","MIT OR Apache-2.0","https://github.com/rust-lang/socket2"
"cargo","softbuffer","0.4.8","MIT OR Apache-2.0","https://github.com/rust-windowing/softbuffer"
"cargo","soup3","0.5.0","MIT","https://gitlab.gnome.org/World/Rust/soup3-rs"
"cargo","soup3-sys","0.5.0","MIT","https://gitlab.gnome.org/World/Rust/soup3-rs"
"cargo","stable_deref_trait","1.2.1","MIT OR Apache-2.0","https://github.com/storyyeller/stable_deref_trait"
"cargo","string_cache","0.9.0","MIT OR Apache-2.0","https://github.com/servo/string-cache"
"cargo","string_cache_codegen","0.6.1","MIT OR Apache-2.0","https://github.com/servo/string-cache"
"cargo","strsim","0.11.1","MIT","https://github.com/rapidfuzz/strsim-rs"
"cargo","swift-rs","1.0.7","MIT OR Apache-2.0","https://github.com/Brendonovich/swift-rs"
"cargo","syn","1.0.109","MIT OR Apache-2.0","https://github.com/dtolnay/syn"
"cargo","syn","2.0.117","MIT OR Apache-2.0","https://github.com/dtolnay/syn"
"cargo","sync_wrapper","1.0.2","Apache-2.0","https://github.com/Actyx/sync_wrapper"
"cargo","synstructure","0.13.2","MIT","https://github.com/mystor/synstructure"
"cargo","system-deps","6.2.2","MIT OR Apache-2.0","https://github.com/gdesmott/system-deps"
"cargo","tao","0.35.3","Apache-2.0","https://github.com/tauri-apps/tao"
"cargo","tao-macros","0.1.3","MIT OR Apache-2.0","https://github.com/tauri-apps/tao"
"cargo","target-lexicon","0.12.16","Apache-2.0 WITH LLVM-exception","https://github.com/bytecodealliance/target-lexicon"
"cargo","tauri","2.11.2","Apache-2.0 OR MIT","https://github.com/tauri-apps/tauri"
"cargo","tauri-build","2.6.2","Apache-2.0 OR MIT","https://github.com/tauri-apps/tauri"
"cargo","tauri-codegen","2.6.2","Apache-2.0 OR MIT","https://github.com/tauri-apps/tauri"
"cargo","tauri-macros","2.6.2","Apache-2.0 OR MIT","https://github.com/tauri-apps/tauri"
"cargo","tauri-runtime","2.11.2","Apache-2.0 OR MIT","https://github.com/tauri-apps/tauri"
"cargo","tauri-runtime-wry","2.11.2","Apache-2.0 OR MIT","https://github.com/tauri-apps/tauri"
"cargo","tauri-utils","2.9.2","Apache-2.0 OR MIT","https://github.com/tauri-apps/tauri"
"cargo","tauri-winres","0.3.6","MIT","https://github.com/tauri-apps/winres"
"cargo","tempfile","3.27.0","MIT OR Apache-2.0","https://github.com/Stebalien/tempfile"
"cargo","tendril","0.5.0","MIT OR Apache-2.0","https://github.com/servo/html5ever"
"cargo","thiserror","1.0.69","MIT OR Apache-2.0","https://github.com/dtolnay/thiserror"
"cargo","thiserror","2.0.18","MIT OR Apache-2.0","https://github.com/dtolnay/thiserror"
"cargo","thiserror-impl","1.0.69","MIT OR Apache-2.0","https://github.com/dtolnay/thiserror"
"cargo","thiserror-impl","2.0.18","MIT OR Apache-2.0","https://github.com/dtolnay/thiserror"
"cargo","tiff","0.11.3","MIT","https://github.com/image-rs/image-tiff"
"cargo","time","0.3.47","MIT OR Apache-2.0","https://github.com/time-rs/time"
"cargo","time-core","0.1.8","MIT OR Apache-2.0","https://github.com/time-rs/time"
"cargo","time-macros","0.2.27","MIT OR Apache-2.0","https://github.com/time-rs/time"
"cargo","tinystr","0.8.3","Unicode-3.0","https://github.com/unicode-org/icu4x"
"cargo","tinyvec","1.11.0","Zlib OR Apache-2.0 OR MIT","https://github.com/Lokathor/tinyvec"
"cargo","tinyvec_macros","0.1.1","MIT OR Apache-2.0 OR Zlib","https://github.com/Soveu/tinyvec_macros"
"cargo","tokio","1.52.3","MIT","https://github.com/tokio-rs/tokio"
"cargo","tokio-util","0.7.18","MIT","https://github.com/tokio-rs/tokio"
"cargo","toml","0.8.2","MIT OR Apache-2.0","https://github.com/toml-rs/toml"
"cargo","toml","0.9.12+spec-1.1.0","MIT OR Apache-2.0","https://github.com/toml-rs/toml"
"cargo","toml","1.1.2+spec-1.1.0","MIT OR Apache-2.0","https://github.com/toml-rs/toml"
"cargo","toml_datetime","0.6.3","MIT OR Apache-2.0","https://github.com/toml-rs/toml"
"cargo","toml_datetime","0.7.5+spec-1.1.0","MIT OR Apache-2.0","https://github.com/toml-rs/toml"
"cargo","toml_datetime","1.1.1+spec-1.1.0","MIT OR Apache-2.0","https://github.com/toml-rs/toml"
"cargo","toml_edit","0.19.15","MIT OR Apache-2.0","https://github.com/toml-rs/toml"
"cargo","toml_edit","0.20.2","MIT OR Apache-2.0","https://github.com/toml-rs/toml"
"cargo","toml_edit","0.25.12+spec-1.1.0","MIT OR Apache-2.0","https://github.com/toml-rs/toml"
"cargo","toml_parser","1.1.2+spec-1.1.0","MIT OR Apache-2.0","https://github.com/toml-rs/toml"
"cargo","toml_writer","1.1.1+spec-1.1.0","MIT OR Apache-2.0","https://github.com/toml-rs/toml"
"cargo","tower","0.5.3","MIT","https://github.com/tower-rs/tower"
"cargo","tower-http","0.6.11","MIT","https://github.com/tower-rs/tower-http"
"cargo","tower-layer","0.3.3","MIT","https://github.com/tower-rs/tower"
"cargo","tower-service","0.3.3","MIT","https://github.com/tower-rs/tower"
"cargo","tracing","0.1.44","MIT","https://github.com/tokio-rs/tracing"
"cargo","tracing-attributes","0.1.31","MIT","https://github.com/tokio-rs/tracing"
"cargo","tracing-core","0.1.36","MIT","https://github.com/tokio-rs/tracing"
"cargo","tray-icon","0.23.1","MIT OR Apache-2.0","https://github.com/tauri-apps/tray-icon"
"cargo","try-lock","0.2.5","MIT","https://github.com/seanmonstar/try-lock"
"cargo","typeid","1.0.3","MIT OR Apache-2.0","https://github.com/dtolnay/typeid"
"cargo","typenum","1.20.1","MIT OR Apache-2.0","https://github.com/paholg/typenum"
"cargo","uds_windows","1.2.1","MIT","https://github.com/haraldh/rust_uds_windows"
"cargo","unic-char-property","0.9.0","MIT/Apache-2.0","https://github.com/open-i18n/rust-unic/"
"cargo","unic-char-range","0.9.0","MIT/Apache-2.0","https://github.com/open-i18n/rust-unic/"
"cargo","unic-common","0.9.0","MIT/Apache-2.0","https://github.com/open-i18n/rust-unic/"
"cargo","unic-ucd-ident","0.9.0","MIT/Apache-2.0","https://github.com/open-i18n/rust-unic/"
"cargo","unic-ucd-version","0.9.0","MIT/Apache-2.0","https://github.com/open-i18n/rust-unic/"
"cargo","unicode-ident","1.0.24","(MIT OR Apache-2.0) AND Unicode-3.0","https://github.com/dtolnay/unicode-ident"
"cargo","unicode-segmentation","1.13.3","MIT OR Apache-2.0","https://github.com/unicode-rs/unicode-segmentation"
"cargo","unicode-xid","0.2.6","MIT OR Apache-2.0","https://github.com/unicode-rs/unicode-xid"
"cargo","url","2.5.8","MIT OR Apache-2.0","https://github.com/servo/rust-url"
"cargo","urlencoding","2.1.3","MIT","https://github.com/kornelski/rust_urlencoding"
"cargo","urlpattern","0.3.0","MIT","https://github.com/denoland/rust-urlpattern"
"cargo","utf-8","0.7.6","MIT OR Apache-2.0","https://github.com/SimonSapin/rust-utf8"
"cargo","utf8_iter","1.0.4","Apache-2.0 OR MIT","https://github.com/hsivonen/utf8_iter"
"cargo","uuid","1.23.2","Apache-2.0 OR MIT","https://github.com/uuid-rs/uuid"
"cargo","version-compare","0.2.1","MIT","https://gitlab.com/timvisee/version-compare"
"cargo","version_check","0.9.5","MIT/Apache-2.0","https://github.com/SergioBenitez/version_check"
"cargo","vswhom","0.1.0","MIT","https://github.com/nabijaczleweli/vswhom.rs"
"cargo","vswhom-sys","0.1.3","MIT","https://github.com/nabijaczleweli/vswhom-sys.rs"
"cargo","walkdir","2.5.0","Unlicense/MIT","https://github.com/BurntSushi/walkdir"
"cargo","want","0.3.1","MIT","https://github.com/seanmonstar/want"
"cargo","wasi","0.11.1+wasi-snapshot-preview1","Apache-2.0 WITH LLVM-exception OR Apache-2.0 OR MIT","https://github.com/bytecodealliance/wasi"
"cargo","wasip2","1.0.3+wasi-0.2.9","Apache-2.0 WITH LLVM-exception OR Apache-2.0 OR MIT","https://github.com/bytecodealliance/wasi-rs"
"cargo","wasip3","0.4.0+wasi-0.3.0-rc-2026-01-06","Apache-2.0 WITH LLVM-exception OR Apache-2.0 OR MIT","https://github.com/bytecodealliance/wasi-rs"
"cargo","wasm-bindgen","0.2.122","MIT OR Apache-2.0","https://github.com/wasm-bindgen/wasm-bindgen"
"cargo","wasm-bindgen-futures","0.4.72","MIT OR Apache-2.0","https://github.com/wasm-bindgen/wasm-bindgen/tree/master/crates/futures"
"cargo","wasm-bindgen-macro","0.2.122","MIT OR Apache-2.0","https://github.com/wasm-bindgen/wasm-bindgen/tree/master/crates/macro"
"cargo","wasm-bindgen-macro-support","0.2.122","MIT OR Apache-2.0","https://github.com/wasm-bindgen/wasm-bindgen/tree/master/crates/macro-support"
"cargo","wasm-bindgen-shared","0.2.122","MIT OR Apache-2.0","https://github.com/wasm-bindgen/wasm-bindgen/tree/master/crates/shared"
"cargo","wasm-encoder","0.244.0","Apache-2.0 WITH LLVM-exception OR Apache-2.0 OR MIT","https://github.com/bytecodealliance/wasm-tools/tree/main/crates/wasm-encoder"
"cargo","wasm-metadata","0.244.0","Apache-2.0 WITH LLVM-exception OR Apache-2.0 OR MIT","https://github.com/bytecodealliance/wasm-tools/tree/main/crates/wasm-metadata"
"cargo","wasm-streams","0.5.0","MIT OR Apache-2.0","https://github.com/MattiasBuelens/wasm-streams/"
"cargo","wasmparser","0.244.0","Apache-2.0 WITH LLVM-exception OR Apache-2.0 OR MIT","https://github.com/bytecodealliance/wasm-tools/tree/main/crates/wasmparser"
"cargo","wayland-backend","0.3.15","MIT","https://github.com/smithay/wayland-rs"
"cargo","wayland-client","0.31.14","MIT","https://github.com/smithay/wayland-rs"
"cargo","wayland-protocols","0.32.12","MIT","https://github.com/smithay/wayland-rs"
"cargo","wayland-scanner","0.31.10","MIT","https://github.com/smithay/wayland-rs"
"cargo","wayland-sys","0.31.11","MIT","https://github.com/smithay/wayland-rs"
"cargo","web-sys","0.3.99","MIT OR Apache-2.0","https://github.com/wasm-bindgen/wasm-bindgen/tree/master/crates/web-sys"
"cargo","web_atoms","0.2.4","MIT OR Apache-2.0","https://github.com/servo/html5ever"
"cargo","webkit2gtk","2.0.2","MIT","https://github.com/tauri-apps/webkit2gtk-rs"
"cargo","webkit2gtk-sys","2.0.2","MIT","https://github.com/tauri-apps/webkit2gtk-rs"
"cargo","webview2-com","0.38.2","MIT","https://github.com/wravery/webview2-rs"
"cargo","webview2-com-macros","0.8.1","MIT","https://github.com/wravery/webview2-rs"
"cargo","webview2-com-sys","0.38.2","MIT","https://github.com/wravery/webview2-rs"
"cargo","weezl","0.1.12","MIT OR Apache-2.0","https://github.com/image-rs/weezl"
"cargo","winapi","0.3.9","MIT/Apache-2.0","https://github.com/retep998/winapi-rs"
"cargo","winapi-i686-pc-windows-gnu","0.4.0","MIT/Apache-2.0","https://github.com/retep998/winapi-rs"
"cargo","winapi-util","0.1.11","Unlicense OR MIT","https://github.com/BurntSushi/winapi-util"
"cargo","winapi-x86_64-pc-windows-gnu","0.4.0","MIT/Apache-2.0","https://github.com/retep998/winapi-rs"
"cargo","window-vibrancy","0.6.0","Apache-2.0 OR MIT","https://github.com/tauri-apps/tauri-plugin-vibrancy"
"cargo","windows","0.61.3","MIT OR Apache-2.0","https://github.com/microsoft/windows-rs"
"cargo","windows-collections","0.2.0","MIT OR Apache-2.0","https://github.com/microsoft/windows-rs"
"cargo","windows-core","0.61.2","MIT OR Apache-2.0","https://github.com/microsoft/windows-rs"
"cargo","windows-core","0.62.2","MIT OR Apache-2.0","https://github.com/microsoft/windows-rs"
"cargo","windows-future","0.2.1","MIT OR Apache-2.0","https://github.com/microsoft/windows-rs"
"cargo","windows-implement","0.60.2","MIT OR Apache-2.0","https://github.com/microsoft/windows-rs"
"cargo","windows-interface","0.59.3","MIT OR Apache-2.0","https://github.com/microsoft/windows-rs"
"cargo","windows-link","0.1.3","MIT OR Apache-2.0","https://github.com/microsoft/windows-rs"
"cargo","windows-link","0.2.1","MIT OR Apache-2.0","https://github.com/microsoft/windows-rs"
"cargo","windows-numerics","0.2.0","MIT OR Apache-2.0","https://github.com/microsoft/windows-rs"
"cargo","windows-result","0.3.4","MIT OR Apache-2.0","https://github.com/microsoft/windows-rs"
"cargo","windows-result","0.4.1","MIT OR Apache-2.0","https://github.com/microsoft/windows-rs"
"cargo","windows-strings","0.4.2","MIT OR Apache-2.0","https://github.com/microsoft/windows-rs"
"cargo","windows-strings","0.5.1","MIT OR Apache-2.0","https://github.com/microsoft/windows-rs"
"cargo","windows-sys","0.45.0","MIT OR Apache-2.0","https://github.com/microsoft/windows-rs"
"cargo","windows-sys","0.48.0","MIT OR Apache-2.0","https://github.com/microsoft/windows-rs"
"cargo","windows-sys","0.59.0","MIT OR Apache-2.0","https://github.com/microsoft/windows-rs"
"cargo","windows-sys","0.61.2","MIT OR Apache-2.0","https://github.com/microsoft/windows-rs"
"cargo","windows-targets","0.42.2","MIT OR Apache-2.0","https://github.com/microsoft/windows-rs"
"cargo","windows-targets","0.48.5","MIT OR Apache-2.0","https://github.com/microsoft/windows-rs"
"cargo","windows-targets","0.52.6","MIT OR Apache-2.0","https://github.com/microsoft/windows-rs"
"cargo","windows-threading","0.1.0","MIT OR Apache-2.0","https://github.com/microsoft/windows-rs"
"cargo","windows-version","0.1.7","MIT OR Apache-2.0","https://github.com/microsoft/windows-rs"
"cargo","windows_aarch64_gnullvm","0.42.2","MIT OR Apache-2.0","https://github.com/microsoft/windows-rs"
"cargo","windows_aarch64_gnullvm","0.48.5","MIT OR Apache-2.0","https://github.com/microsoft/windows-rs"
"cargo","windows_aarch64_gnullvm","0.52.6","MIT OR Apache-2.0","https://github.com/microsoft/windows-rs"
"cargo","windows_aarch64_msvc","0.42.2","MIT OR Apache-2.0","https://github.com/microsoft/windows-rs"
"cargo","windows_aarch64_msvc","0.48.5","MIT OR Apache-2.0","https://github.com/microsoft/windows-rs"
"cargo","windows_aarch64_msvc","0.52.6","MIT OR Apache-2.0","https://github.com/microsoft/windows-rs"
"cargo","windows_i686_gnu","0.42.2","MIT OR Apache-2.0","https://github.com/microsoft/windows-rs"
"cargo","windows_i686_gnu","0.48.5","MIT OR Apache-2.0","https://github.com/microsoft/windows-rs"
"cargo","windows_i686_gnu","0.52.6","MIT OR Apache-2.0","https://github.com/microsoft/windows-rs"
"cargo","windows_i686_gnullvm","0.52.6","MIT OR Apache-2.0","https://github.com/microsoft/windows-rs"
"cargo","windows_i686_msvc","0.42.2","MIT OR Apache-2.0","https://github.com/microsoft/windows-rs"
"cargo","windows_i686_msvc","0.48.5","MIT OR Apache-2.0","https://github.com/microsoft/windows-rs"
"cargo","windows_i686_msvc","0.52.6","MIT OR Apache-2.0","https://github.com/microsoft/windows-rs"
"cargo","windows_x86_64_gnu","0.42.2","MIT OR Apache-2.0","https://github.com/microsoft/windows-rs"
"cargo","windows_x86_64_gnu","0.48.5","MIT OR Apache-2.0","https://github.com/microsoft/windows-rs"
"cargo","windows_x86_64_gnu","0.52.6","MIT OR Apache-2.0","https://github.com/microsoft/windows-rs"
"cargo","windows_x86_64_gnullvm","0.42.2","MIT OR Apache-2.0","https://github.com/microsoft/windows-rs"
"cargo","windows_x86_64_gnullvm","0.48.5","MIT OR Apache-2.0","https://github.com/microsoft/windows-rs"
"cargo","windows_x86_64_gnullvm","0.52.6","MIT OR Apache-2.0","https://github.com/microsoft/windows-rs"
"cargo","windows_x86_64_msvc","0.42.2","MIT OR Apache-2.0","https://github.com/microsoft/windows-rs"
"cargo","windows_x86_64_msvc","0.48.5","MIT OR Apache-2.0","https://github.com/microsoft/windows-rs"
"cargo","windows_x86_64_msvc","0.52.6","MIT OR Apache-2.0","https://github.com/microsoft/windows-rs"
"cargo","winnow","0.5.40","MIT","https://github.com/winnow-rs/winnow"
"cargo","winnow","0.7.15","MIT","https://github.com/winnow-rs/winnow"
"cargo","winnow","1.0.3","MIT","https://github.com/winnow-rs/winnow"
"cargo","winreg","0.55.0","MIT","https://github.com/gentoo90/winreg-rs"
"cargo","wit-bindgen","0.51.0","Apache-2.0 WITH LLVM-exception OR Apache-2.0 OR MIT","https://github.com/bytecodealliance/wit-bindgen"
"cargo","wit-bindgen","0.57.1","Apache-2.0 WITH LLVM-exception OR Apache-2.0 OR MIT","https://github.com/bytecodealliance/wit-bindgen"
"cargo","wit-bindgen-core","0.51.0","Apache-2.0 WITH LLVM-exception OR Apache-2.0 OR MIT","https://github.com/bytecodealliance/wit-bindgen"
"cargo","wit-bindgen-rust","0.51.0","Apache-2.0 WITH LLVM-exception OR Apache-2.0 OR MIT","https://github.com/bytecodealliance/wit-bindgen"
"cargo","wit-bindgen-rust-macro","0.51.0","Apache-2.0 WITH LLVM-exception OR Apache-2.0 OR MIT","https://github.com/bytecodealliance/wit-bindgen"
"cargo","wit-component","0.244.0","Apache-2.0 WITH LLVM-exception OR Apache-2.0 OR MIT","https://github.com/bytecodealliance/wasm-tools/tree/main/crates/wit-component"
"cargo","wit-parser","0.244.0","Apache-2.0 WITH LLVM-exception OR Apache-2.0 OR MIT","https://github.com/bytecodealliance/wasm-tools/tree/main/crates/wit-parser"
"cargo","writeable","0.6.3","Unicode-3.0","https://github.com/unicode-org/icu4x"
"cargo","wry","0.55.1","Apache-2.0 OR MIT","https://github.com/tauri-apps/wry"
"cargo","x11","2.21.0","MIT","https://github.com/AltF02/x11-rs.git"
"cargo","x11-dl","2.21.0","MIT","https://github.com/AltF02/x11-rs.git"
"cargo","x11rb","0.13.2","MIT OR Apache-2.0","https://github.com/psychon/x11rb"
"cargo","x11rb-protocol","0.13.2","MIT OR Apache-2.0","https://github.com/psychon/x11rb"
"cargo","yoke","0.8.2","Unicode-3.0","https://github.com/unicode-org/icu4x"
"cargo","yoke-derive","0.8.2","Unicode-3.0","https://github.com/unicode-org/icu4x"
"cargo","zbus","5.16.0","MIT","https://github.com/z-galaxy/zbus/"
"cargo","zbus_macros","5.16.0","MIT","https://github.com/z-galaxy/zbus/"
"cargo","zbus_names","4.3.2","MIT","https://github.com/z-galaxy/zbus/"
"cargo","zerocopy","0.8.50","BSD-2-Clause OR Apache-2.0 OR MIT","https://github.com/google/zerocopy"
"cargo","zerocopy-derive","0.8.50","BSD-2-Clause OR Apache-2.0 OR MIT","https://github.com/google/zerocopy"
"cargo","zerofrom","0.1.8","Unicode-3.0","https://github.com/unicode-org/icu4x"
"cargo","zerofrom-derive","0.1.7","Unicode-3.0","https://github.com/unicode-org/icu4x"
"cargo","zerotrie","0.2.4","Unicode-3.0","https://github.com/unicode-org/icu4x"
"cargo","zerovec","0.11.6","Unicode-3.0","https://github.com/unicode-org/icu4x"
"cargo","zerovec-derive","0.11.3","Unicode-3.0","https://github.com/unicode-org/icu4x"
"cargo","zmij","1.0.21","MIT","https://github.com/dtolnay/zmij"
"cargo","zune-core","0.5.1","MIT OR Apache-2.0 OR Zlib","https://github.com/etemesi254/zune-image"
"cargo","zune-jpeg","0.5.15","MIT OR Apache-2.0 OR Zlib","https://github.com/etemesi254/zune-image/tree/dev/crates/zune-jpeg"
"cargo","zvariant","5.12.0","MIT","https://github.com/z-galaxy/zbus/"
"cargo","zvariant_derive","5.12.0","MIT","https://github.com/z-galaxy/zbus/"
"cargo","zvariant_utils","3.4.0","MIT","https://github.com/z-galaxy/zbus/"
